"Num_Acc";"jour";"mois";"an";"hrmn";"lum";"dep";"com";"agg";"int";"atm";"col";"adr";"lat";"long"
"202100000001";"30";"11";"2021";"07:32";"2";"30";"30319";"1";"1";"1";"1";"CD 981";"44,0389580000";"4,3480220000"
"202100000002";"25";"09";"2021";"14:20";"1";"51";"51544";"1";"3";"1";"3";"Aire de repos croisement D20E9 après sortie D977";"49,2421290000";"4,5545460000"
"202100000003";"15";"07";"2021";"07:55";"1";"85";"85048";"2";"1";"7";"6";"15 rue François Nicolas";"46,9219500000";" -0,9644600000"
"202100000004";"27";"03";"2021";"19:45";"5";"93";"93005";"2";"2";"3";"6";"Route de Mitry";"48,9493634583";"2,5196639908"
"202100000005";"25";"02";"2021";"07:20";"5";"76";"76429";"2";"1";"1";"2";"PARIS. ROUTE DE";"49,4083800000";"1,1458100000"
"202100000006";"23";"11";"2021";"11:10";"1";"68";"68004";"2";"3";"1";"2";"Rue Charles Edouard Amiot";"47,6142390000";"7,2343360000"
"202100000007";"13";"12";"2021";"19:10";"5";"38";"38053";"2";"9";"1";"1";"REPUBLIQUE (PLACE DE LA)";"45,5888000000";"5,2730500000"
"202100000008";"21";"11";"2021";"16:30";"1";"987";"98715";"2";"1";"1";"3";"RT 1 - PK 5+500";" -17,5845220000";" -149,5685780000"
"202100000009";"29";"12";"2021";"16:45";"2";"92";"92048";"2";"2";"2";"3";"REPUBLIQUE (RUE DE LA) N° 47 A 85";"48,8065500000";"2,2358800000"
"202100000010";"16";"10";"2021";"09:53";"1";"93";"93008";"2";"1";"1";"3";"VAILLANT COUTURIER (AVENUE PAUL)";"48,9075657758";"2,4547603726"
"202100000011";"13";"10";"2021";"16:00";"1";"93";"93008";"2";"2";"1";"3";"CHOUMERY (RUE)";"48,9074000000";"2,4568400000"
"202100000012";"20";"10";"2021";"19:45";"3";"21";"21173";"1";"1";"1";"1";"D20";"47,0407010000";"4,8608280000"
"202100000013";"18";"12";"2021";"01:15";"3";"974";"97418";"1";"1";"1";"2";"RN2 - PK 10";" -20,9310800000";"55,5372190000"
"202100000014";"17";"10";"2021";"15:24";"1";"92";"92063";"2";"2";"1";"3";"HOPITAL STELL (BOULEVARD DE L')";"48,8810767676";"2,1844232082"
"202100000015";"2";"12";"2021";"13:10";"1";"51";"51388";"1";"2";"1";"3";"D19";"49,1330510000";"4,3370890000"
"202100000016";"28";"12";"2021";"16:30";"1";"21";"21349";"2";"1";"2";"6";"12 Route d Autun";"47,1944320000";"4,2713810000"
"202100000017";"23";"10";"2021";"14:00";"1";"51";"51362";"1";"1";"1";"3";"A26";"49,2759855047";"3,9647179842"
"202100000018";"13";"09";"2021";"13:00";"1";"14";"14203";"1";"1";"1";"6";"A13";"49,2321610000";" -0,0643750000"
"202100000019";"17";"09";"2021";"20:10";"3";"73";"73096";"1";"1";"1";"3";"D201, route de la carrière";"45,5184960000";"6,0863610000"
"202100000020";"24";"10";"2021";"13:15";"1";"91";"91027";"2";"1";"1";"2";"AV FRANCOIS MITTERRAND";"48,7042539233";"2,3720598221"
"202100000021";"25";"09";"2021";"13:05";"1";"78";"78172";"2";"2";"1";"3";"CARNOT (AVENUE)";"49,0050800000";"2,0936200000"
"202100000022";"29";"09";"2021";"01:50";"5";"91";"91027";"2";"3";"1";"3";"AV FRANCOIS MITTERRAND";"48,7058900000";"2,3717800000"
"202100000023";"21";"12";"2021";"10:15";"1";"88";"88383";"2";"3";"7";"6";"RUE DES 5 EME ET 15 EME B.C.P.";"48,0176600000";"6,5974470000"
"202100000024";"12";"12";"2021";"17:45";"5";"59";"59122";"2";"1";"1";"1";"NAVES (RUE DE)";"50,1830243309";"3,2540237904"
"202100000025";"31";"12";"2021";"07:30";"3";"07";"07155";"1";"1";"8";"6";"CD 435-PK 4+900";"44,6243010000";"4,3486390000"
"202100000026";"26";"12";"2021";"15:00";"1";"21";"21073";"1";"1";"1";"5";"A6 PK 234.500 sens PARIS-LYON";"47,4393510000";"4,3006220000"
"202100000027";"15";"12";"2021";"21:20";"3";"21";"21154";"1";"1";"1";"2";"ROUTE DEPARTEMENTALE 965";"47,8743030000";"4,5840130000"
"202100000028";"27";"11";"2021";"19:00";"5";"62";"62126";"2";"1";"2";"3";"GOSSELIN ( RUE ALFRED )";"50,5177820000";"2,6842740000"
"202100000029";"13";"11";"2021";"19:15";"5";"62";"62041";"2";"1";"8";"6";"FAIDHERBE ( BOULEVARD )";"50,2924730000";"2,7822510000"
"202100000030";"1";"06";"2021";"20:00";"1";"57";"57227";"2";"1";"1";"6";"SAINTE CROIX (RUE DU FAUBOURG)";"49,1840500000";"6,9135800000"
"202100000031";"13";"10";"2021";"15:50";"1";"62";"62108";"2";"9";"1";"6";"CD940";"50,4001930000";"1,5981450000"
"202100000032";"1";"12";"2021";"11:05";"1";"78";"78172";"1";"1";"1";"2";"RN 184";"49,0023200000";"2,0815000000"
"202100000033";"22";"12";"2021";"09:00";"1";"13";"13208";"2";"9";"1";"6";"PRADO (AVENUE DU)";"43,2697437580";"5,3869156257"
"202100000034";"31";"07";"2021";"11:00";"1";"93";"93015";"2";"9";"1";"6";"GRANDS CHAMPS RUE DES";"48,9177631123";"2,5716912746"
"202100000035";"2";"04";"2021";"14:25";"1";"43";"43157";"2";"3";"1";"6";"Rue Lashermes";"45,0412000000";"3,8796600000"
"202100000036";"1";"08";"2021";"01:45";"3";"73";"73290";"1";"1";"2";"6";"D902 Col de la Madeleine";"45,2970820000";"6,9367360000"
"202100000037";"29";"09";"2021";"11:10";"1";"71";"71270";"2";"3";"1";"6";"rue de Flacé";"46,3129704373";"4,8309650705"
"202100000038";"2";"09";"2021";"11:00";"1";"71";"71540";"2";"1";"1";"2";"Route des Perraudins";"46,7668890000";"4,4566240000"
"202100000039";"23";"12";"2021";"21:15";"5";"52";"52448";"2";"1";"1";"3";"PISANI (boulevard Edgard)";"48,6432600000";"4,9653400000"
"202100000040";"12";"11";"2021";"21:25";"5";"987";"98736";"2";"9";"9";"3";"CHARLES DE GAULLE (AV)";" -17,5279960000";" -149,5482580000"
"202100000041";"27";"07";"2021";"09:40";"1";"92";"92048";"2";"1";"1";"3";"GENERAL GALLIENI (AVENUE DU) N° 12 A 42";"48,8184120889";"2,2295728326"
"202100000042";"30";"07";"2021";"15:30";"1";"85";"85001";"2";"1";"1";"1";"Route de la Pointe";"46,2992000000";" -1,2634600000"
"202100000043";"10";"12";"2021";"09:30";"1";"33";"33417";"1";"1";"3";"6";"D6";"44,9713410000";" -0,8786490000"
"202100000044";"24";"10";"2021";"00:15";"3";"73";"73179";"1";"1";"1";"4";"N201";"45,6016350000";"5,8922010000"
"202100000045";"17";"06";"2021";"09:28";"1";"93";"93001";"2";"1";"1";"1";"JEAN JAURES (AVE) 55 A 129";"48,9063300000";"2,3949490000"
"202100000046";"6";"08";"2021";"06:20";"1";"73";"73065";"2";"1";"1";"3";"D991 Boulevard Lemenc";"45,5694960000";"5,9231960000"
"202100000047";"13";"12";"2021";"13:14";"1";"38";"38053";"2";"2";"1";"3";"SAINT HONORE";"45,6069537102";"5,2659815855"
"202100000048";"20";"12";"2021";"13:15";"1";"14";"14174";"1";"3";"1";"5";"Le Mesnil Sale -St Germain (Saint-Germain-du-Crioult)";"48,8462870000";" -0,6129810000"
"202100000049";"12";"11";"2021";"18:06";"1";"73";"73008";"2";"1";"1";"2";"D1201 Boulevard Maréchal de Lattre de Tassigny";"45,6950340384";"5,9053319277"
"202100000050";"9";"08";"2021";"21:15";"5";"83";"83050";"2";"6";"1";"3";"PASTEUR(PLACE)";"43,5343200000";"6,4774000000"
"202100000051";"9";"11";"2021";"23:30";"5";"31";"31555";"2";"9";"1";"3";"SQUARE DE L HERACLES";"43,6074900000";"1,4281200000"
"202100000052";"4";"10";"2021";"11:40";"1";"18";"18279";"2";"1";"1";"6";"BOBILLOT (RUE DU SERGENT)";"47,2296600000";"2,0485800000"
"202100000053";"3";"11";"2021";"12:50";"1";"62";"62525";"2";"1";"1";"3";"BRUYERES (RTE DES...N°97et+ ET 66 et+ )";"50,7323450000";"2,2512910000"
"202100000054";"11";"11";"2021";"20:38";"5";"974";"97416";"2";"9";"1";"6";"RECHERCHANT (RUE ADRIEN) (2)";" -21,2874400000";"55,4828700000"
"202100000055";"26";"12";"2021";"21:00";"5";"974";"97416";"2";"1";"8";"3";"HUBERT DE LISLE(BOULEVARD)";" -21,3396200000";"55,4596600000"
"202100000056";"11";"12";"2021";"04:10";"3";"974";"97416";"1";"1";"1";"7";"ANCIENNE RN 1";" -21,3221700000";"55,4448200000"
"202100000057";"27";"12";"2021";"17:30";"3";"69";"69091";"1";"1";"1";"1";"RIVE DE GIER (DE) (RTE)";"45,5751100000";"4,7177500000"
"202100000058";"27";"11";"2021";"01:40";"5";"60";"60057";"2";"2";"2";"3";"Rue de Notre-Dame-du-Thil";"49,4417800000";"2,0801700000"
"202100000059";"22";"09";"2021";"13:15";"1";"62";"62361";"1";"1";"1";"6";"Route départementale 82";"50,2856580000";"2,3044790000"
"202100000060";"5";"08";"2021";"07:20";"1";"13";"13014";"1";"1";"1";"1";"Route Departementale 21f";"43,4900270000";"5,1992580000"
"202100000061";"22";"12";"2021";"20:42";"5";"44";"44055";"1";"9";"1";"3";"BERTHO ( RUE HENRI )";"47,2906000000";" -2,3522800000"
"202100000062";"9";"10";"2021";"18:45";"1";"44";"44055";"2";"1";"1";"6";"LILAS ( AVENUE DES )";"47,2796400000";" -2,4152200000"
"202100000063";"15";"12";"2021";"19:20";"3";"14";"14752";"1";"1";"1";"6";"Route de Bretagne";"49,0903300000";" -0,6306620000"
"202100000064";"31";"10";"2021";"01:50";"3";"38";"38382";"1";"1";"1";"2";"A48";"45,2239800000";"5,6705500000"
"202100000065";"27";"10";"2021";"17:00";"1";"38";"38053";"2";"1";"1";"2";"LILATTES";"45,5900000000";"5,2720000000"
"202100000066";"26";"10";"2021";"16:31";"1";"38";"38053";"2";"1";"1";"6";"DIEDERICHS";"45,5900000000";"5,2700000000"
"202100000067";"5";"06";"2021";"20:25";"2";"38";"38544";"2";"1";"1";"3";"Chemin des Aqueducs";"45,5270100000";"4,8790000000"
"202100000068";"30";"12";"2021";"22:15";"3";"21";"21420";"1";"1";"8";"6";"D14A";"47,0154630000";"4,5696310000"
"202100000069";"26";"10";"2021";"06:40";"5";"60";"60057";"2";"9";"8";"5";"Rue de Calais";"49,4386200000";"2,0827100000"
"202100000070";"4";"11";"2021";"17:31";"1";"60";"60057";"2";"1";"1";"3";"Rue du Pont d’Arcole";"49,4262285502";"2,0853413343"
"202100000071";"14";"10";"2021";"17:10";"1";"60";"60057";"2";"1";"1";"1";"Rue Alphonse Dupont";"49,4186200000";"2,0834300000"
"202100000072";"24";"12";"2021";"06:50";"3";"59";"59350";"1";"1";"1";"7";"N/A";"50,6161410000";"3,0663220000"
"202100000073";"21";"12";"2021";"09:50";"1";"04";"04112";"2";"1";"1";"6";"RD 907 (av de la libération) - Localisation fausse";"43,8185700000";"5,7968388400"
"202100000074";"16";"11";"2021";"15:55";"1";"04";"04070";"2";"1";"7";"6";"RP 11 novembre dir Grand Pont";"44,0910400000";"6,2308500000"
"202100000075";"19";"12";"2021";"07:54";"3";"27";"27612";"1";"1";"5";"4";"Autoroute A13 PK 74";"49,0744140000";"1,4000490000"
"202100000076";"7";"04";"2021";"01:39";"5";"74";"74119";"2";"1";"1";"7";"GAVOT (AVENUE DE)  CD11";"46,3890400000";"6,5792800000"
"202100000077";"28";"12";"2021";"15:15";"1";"62";"62178";"2";"1";"2";"6";"MITTERAND ( ESPLANADE FRANCOIS )";"50,4822750000";"2,5466550000"
"202100000078";"23";"12";"2021";"15:00";"1";"62";"62826";"2";"4";"1";"3";"PICARDIE (AVENUE DE)";"50,5175100000";"1,6094700000"
"202100000079";"21";"12";"2021";"11:55";"1";"62";"62757";"2";"3";"1";"3";"CORMETTES (RUE DES ..)+CAVES COTE ROCADE";"50,7597780000";"2,2225910000"
"202100000080";"19";"12";"2021";"01:24";"3";"62";"62457";"1";"6";"5";"6";"CD 301";"50,4533320000";"2,5451260000"
"202100000081";"11";"12";"2021";"02:00";"5";"76";"76322";"2";"1";"1";"6";"Boulevard Jules Dumont d’Urville";"49,3982000000";"1,0460100000"
"202100000082";"14";"12";"2021";"16:35";"1";"78";"78172";"2";"2";"1";"3";"CARNOT (AVENUE)";"48,9959740000";"2,0944740000"
"202100000083";"22";"07";"2021";"18:00";"1";"35";"35288";"2";"1";"1";"6";"Rue de la Marne";"48,6362830000";" -2,0091810000"
"202100000084";"18";"12";"2021";"04:30";"5";"89";"89387";"2";"2";"1";"3";"VICTOR GUICHARD (RUE)";"48,2050100000";"3,2849300000"
"202100000085";"26";"12";"2021";"01:00";"3";"26";"26170";"1";"1";"5";"6";"RN7 DEV PLV";"44,9174300000";"4,9407100000"
"202100000086";"9";"10";"2021";"22:43";"5";"13";"13063";"2";"9";"1";"6";"COUVENT CHEMIN DE";"43,5938002482";"5,0134609233"
"202100000087";"20";"08";"2021";"11:15";"1";"13";"13047";"2";"1";"1";"3";"RADOLFZELL AVENUE DE";"43,4991831791";"4,9879145902"
"202100000088";"6";"10";"2021";"22:50";"3";"38";"38544";"1";"1";"2";"1";"CD 41";"45,5228400000";"4,9104100000"
"202100000089";"15";"10";"2021";"08:00";"1";"38";"38421";"2";"1";"1";"3";"AVENUE JULES VALLÈS";"45,1817500000";"5,7487000000"
"202100000090";"13";"10";"2021";"13:25";"1";"38";"38544";"2";"7";"1";"6";"ST LOUIS(PLACE)";"45,5279300000";"4,8739600000"
"202100000091";"2";"10";"2021";"16:00";"1";"38";"38544";"2";"1";"1";"3";"GERE(RUE DE)";"45,5282700000";"4,8784400000"
"202100000092";"13";"12";"2021";"18:10";"3";"29";"29210";"1";"2";"8";"3";"D19 - Lieu Dit Croas Ar Born";"48,5774850000";" -3,9938580000"
"202100000093";"31";"12";"2021";"11:00";"1";"91";"91691";"2";"1";"7";"6";"MENDIG (Rue)";"48,7095810000";"2,4814050000"
"202100000094";"30";"12";"2021";"08:40";"2";"91";"91514";"1";"1";"1";"7";"N RN5";"48,6582300000";"2,5208600000"
"202100000095";"29";"12";"2021";"16:45";"1";"91";"91421";"2";"6";"2";"3";"RUE ROGER SALENGRO";"48,7030660000";"2,4399020000"
"202100000096";"29";"12";"2021";"15:35";"1";"91";"91691";"2";"6";"2";"3";"MARECHAL JUINI(RUE)";"48,7107700000";"2,4883600000"
"202100000097";"23";"11";"2021";"20:00";"5";"62";"62004";"2";"9";"2";"3";"PASCAL";"50,2726270000";"2,7670030000"
"202100000098";"23";"12";"2021";"18:45";"3";"14";"14610";"1";"3";"1";"3";"Rue du Colonel Baker";"49,1846700000";" -0,5079660000"
"202100000099";"13";"11";"2021";"22:00";"4";"62";"62037";"1";"1";"2";"1";"RN 25";"50,3234980000";"2,7406360000"
"202100000100";"19";"12";"2021";"11:30";"1";"93";"93001";"2";"1";"1";"6";"SAINT DENIS (RUE DE)";"48,9201788318";"2,3775956780"
"202100000101";"21";"10";"2021";"16:00";"1";"90";"90071";"1";"1";"7";"6";"voie verte";"47,6010200000";"7,0063270000"
"202100000102";"22";"12";"2021";"17:30";"1";"987";"98744";"1";"1";"1";"7";"Moerai";" -22,4590560000";" -151,3402000000"
"202100000103";"2";"04";"2021";"19:28";"1";"35";"35095";"2";"9";"1";"3";"N/A";"48,5538240000";" -1,7308860000"
"202100000104";"31";"12";"2021";"15:55";"1";"74";"74159";"1";"1";"1";"1";"DEPARTEMENTALE 1205";"46,0376560000";"6,6162910000"
"202100000105";"28";"12";"2021";"15:45";"1";"74";"74011";"1";"1";"3";"1";"D16";"45,9080770000";"6,1996790000"
"202100000106";"10";"12";"2021";"19:30";"5";"74";"74118";"2";"6";"4";"2";"DEPORTES (ROUTE DES )";"46,1804700000";"6,2297600000"
"202100000107";"1";"11";"2021";"16:24";"2";"84";"84080";"2";"4";"1";"1";"chemin saint gens";"44,0350580851";"5,0246668082"
"202100000108";"6";"11";"2021";"22:25";"5";"987";"98736";"2";"3";"1";"6";"ANTHONY BAMBRIDGE (RUE)";" -17,5397800000";" -149,5450200000"
"202100000109";"30";"08";"2021";"07:00";"1";"84";"84149";"1";"1";"1";"6";"RD 977";"44,1697240000";"4,9544150000"
"202100000110";"18";"12";"2021";"15:20";"1";"74";"74010";"2";"1";"1";"3";"REPUBLIQUE (AVENUE DE LA)";"45,9085000000";"6,1029000000"
"202100000111";"23";"07";"2021";"18:20";"1";"13";"13047";"2";"2";"1";"3";"VAURANNE BOULEVARD DE";"43,5166700000";"4,9833300000"
"202100000112";"1";"12";"2021";"20:30";"3";"45";"45173";"1";"1";"1";"7";"à proximité du nouveau pont de Darvoy";"47,8697850000";"2,0849590000"
"202100000113";"24";"12";"2021";"00:00";"5";"09";"09225";"2";"1";"1";"6";"FREDERIC SOULIE RUE";"43,1143100000";"1,6194500000"
"202100000114";"24";"09";"2021";"17:10";"1";"64";"64122";"2";"1";"1";"6";"Avenue Charles Floquet";"43,4795100000";" -1,5557100000"
"202100000115";"23";"12";"2021";"08:45";"1";"57";"57485";"1";"1";"1";"1";"D955";"48,8080881000";"6,5451750000"
"202100000116";"16";"11";"2021";"17:30";"5";"42";"42187";"2";"1";"2";"6";"Avenue de Lyon";"46,0379431000";"4,0773610000"
"202100000117";"19";"10";"2021";"11:03";"1";"42";"42184";"2";"2";"1";"3";"Rue Julien Vachet";"46,0427410000";"4,0527900000"
"202100000118";"10";"11";"2021";"07:45";"2";"21";"21054";"2";"1";"5";"6";"CHASSEURS (RUE DU 16 EME)";"47,0292600000";"4,8514500000"
"202100000119";"14";"10";"2021";"17:28";"1";"02";"02168";"2";"7";"1";"6";"JEAN DE LA FONTAINE (PLACE)";"49,0445800000";"3,4030770000"
"202100000120";"3";"12";"2021";"18:44";"3";"19";"19031";"2";"1";"1";"6";"EMERY (AVENUE ANDRE)";"45,1605410000";"1,5032000000"
"202100000121";"30";"11";"2021";"18:15";"5";"19";"19031";"2";"1";"1";"2";"PARIS (AVENUE DE)";"45,1641110000";"1,5323300000"
"202100000122";"20";"08";"2021";"18:15";"1";"13";"13047";"1";"1";"1";"3";"D.5";"43,5708210000";"4,9553400000"
"202100000123";"18";"12";"2021";"10:00";"1";"29";"29039";"1";"1";"1";"6";"N165 - Concarneau";"47,9366810000";" -3,9119800000"
"202100000124";"1";"10";"2021";"23:10";"5";"62";"62160";"2";"1";"1";"1";"SAINTE BEUVE (Bld)";"50,7400300000";"1,5950000000"
"202100000125";"16";"07";"2021";"05:48";"2";"74";"74013";"1";"1";"2";"7";"RD 1005";"46,3482610000";"6,4418400000"
"202100000126";"12";"10";"2021";"07:45";"2";"69";"69179";"1";"1";"1";"3";"D Route Departementale 342";"45,5859627657";"4,6621768176"
"202100000127";"15";"02";"2021";"16:13";"1";"83";"83069";"2";"8";"1";"6";"BOURGET (AVENUE PAUL)";"43,1096600000";"6,1220700000"
"202100000128";"23";"10";"2021";"05:10";"3";"13";"13063";"1";"1";"1";"7";"RN 1569 LA TRANSHUMANCE";"43,5883200000";"4,9894300000"
"202100000129";"15";"07";"2021";"17:30";"1";"13";"13063";"2";"1";"1";"6";"CALAMEAU CHEMIN DE";"43,5834900000";"4,9937200000"
"202100000130";"17";"12";"2021";"17:45";"2";"74";"74012";"2";"1";"1";"3";"GARE (AVENUE DE LA)";"46,1993000000";"6,2374600000"
"202100000131";"26";"11";"2021";"16:20";"1";"02";"02168";"2";"2";"3";"3";"VAUCRISES (AVENUE DES)";"49,0508209000";"3,3883720000"
"202100000132";"7";"11";"2021";"02:15";"3";"62";"62667";"2";"6";"2";"6";"ARRAS (Bld d')";"50,7132900000";"1,5833300000"
"202100000133";"2";"11";"2021";"12:15";"1";"62";"62160";"2";"3";"1";"1";"AIGLON (Rue de l')";"50,7408300000";"1,6145100000"
"202100000134";"18";"10";"2021";"15:40";"1";"62";"62160";"2";"3";"1";"6";"DE GAULLE (Ave Charles)";"50,7307920000";"1,6194380000"
"202100000135";"30";"01";"2021";"15:00";"1";"62";"62667";"2";"1";"8";"6";"CANADIENS ( Rue des )";"50,7153600000";"1,5846900000"
"202100000136";"25";"05";"2021";"15:55";"1";"31";"31555";"2";"1";"1";"3";"BILLIERES (AV ETIENNE) DU 1AU 78";"43,5969171534";"1,4261841774"
"202100000137";"8";"09";"2021";"20:50";"1";"33";"33167";"2";"1";"1";"4";"Cours Gambetta";"44,8430659384";" -0,5338010526"
"202100000138";"13";"12";"2021";"07:50";"1";"52";"52121";"2";"1";"1";"6";"ROBESPIERRE (RUE)";"48,1030610000";"5,1331900000"
"202100000139";"25";"11";"2021";"20:40";"5";"19";"19031";"2";"1";"1";"2";"DELON (RUE ANDRE)";"45,1619000000";"1,5238900000"
"202100000140";"18";"11";"2021";"09:15";"1";"19";"19031";"2";"1";"1";"3";"POMPIDOU (AVENUE GEORGES)";"45,1578500000";"1,5535600000"
"202100000141";"1";"10";"2021";"08:10";"1";"13";"13004";"2";"1";"1";"3";"BD DES LICES";"43,6753115992";"4,6294128110"
"202100000142";"22";"11";"2021";"17:15";"3";"67";"67073";"1";"1";"1";"4";"D424";"48,2663194750";"7,4177670473"
"202100000143";"31";"12";"2021";"20:30";"3";"95";"95582";"1";"1";"1";"5";" A15";"48,9751490000";"2,2430300000"
"202100000144";"31";"12";"2021";"11:50";"1";"95";"95582";"1";"1";"1";"2";" A115";"48,9805714086";"2,2409024835"
"202100000145";"30";"12";"2021";"00:20";"3";"95";"95491";"1";"1";"8";"3";" A115";"49,0099891311";"2,2311258316"
"202100000146";"29";"12";"2021";"16:30";"1";"95";"95572";"1";"1";"2";"6";"RN 184";"49,0345700000";"2,1137500000"
"202100000147";"29";"12";"2021";"15:35";"1";"95";"95060";"1";"1";"2";"7";"A115";"49,0430348796";"2,1879744530"
"202100000148";"28";"12";"2021";"20:00";"3";"95";"95527";"1";"1";"1";"5";"AUTOROUTE A1";"48,9953305436";"2,5165772438"
"202100000149";"28";"12";"2021";"00:10";"3";"95";"95582";"1";"1";"3";"6";"AUTOROUTE A15";"48,9757800000";"2,2399400000"
"202100000150";"10";"11";"2021";"06:55";"1";"974";"97409";"2";"1";"1";"1";"MASCAREIGNES (Avenue des)";" -20,9332500000";"55,6461800000"
"202100000151";"10";"12";"2021";"19:56";"3";"63";"63446";"1";"1";"1";"1";"D439 pr2+800";"46,0430340000";"3,1887660000"
"202100000152";"20";"07";"2021";"17:30";"1";"974";"97411";"1";"1";"1";"7";"JAURES (BOULEVARD JEAN)";" -20,8938100000";"55,4705600000"
"202100000153";"13";"12";"2021";"22:20";"3";"29";"29046";"1";"1";"1";"6";"D765 - Menez Peulven";"48,0713121000";" -4,3040760000"
"202100000154";"31";"12";"2021";"09:05";"1";"2A";"2A004";"2";"4";"1";"6";"BACCIOCCHI COMTE RUE";"41,9463509000";"8,7547114000"
"202100000155";"24";"12";"2021";"20:00";"5";"2A";"2A004";"2";"9";"1";"6";"LORETTO CHEMIN";"41,9289600000";"8,7338700000"
"202100000156";"11";"12";"2021";"14:30";"1";"2A";"2A004";"2";"9";"1";"3";"ROUTE DU STILETTO";"41,9469900000";"8,7621100000"
"202100000157";"10";"11";"2021";"19:10";"5";"2A";"2A004";"2";"1";"2";"3";"MEZZAVIA ROUTE DE";"41,9495700000";"8,7690800000"
"202100000158";"1";"06";"2021";"08:20";"1";"69";"69159";"1";"1";"1";"3";"CHATEAU DE L'ECLAIR (DU) (R)";"45,9709907271";"4,6639886498"
"202100000159";"10";"12";"2021";"17:00";"2";"69";"69275";"2";"3";"1";"6";"PRAINET (R)";"45,7651759953";"4,9710895121"
"202100000160";"28";"08";"2021";"15:30";"1";"13";"13023";"2";"1";"1";"1";"20 Chemin de Sainte Catherine";"43,2102560000";"5,6312990000"
"202100000161";"19";"12";"2021";"14:45";"1";"978";"97801";"2";"1";"1";"3";"ZA DE BELLEVUE";"18,0575900000";" -63,0855020000"
"202100000162";"12";"11";"2021";"12:07";"1";"91";"91471";"2";"1";"1";"3";"CHARLES DE GAULLE (RUE)";"48,7020770000";"2,1905530000"
"202100000163";"30";"12";"2021";"16:45";"1";"84";"84007";"2";"9";"1";"6";"PLACE DE L'EGLISE";"43,9356840000";"4,8712850000"
"202100000164";"31";"12";"2021";"15:41";"2";"74";"74281";"2";"1";"7";"6";"DE GAULLE (AV DU GAL) APRES N°26";"46,3634300000";"6,4622500000"
"202100000165";"2";"10";"2021";"19:50";"5";"13";"13047";"2";"1";"1";"3";"CRAU AVENUE DE LA";"43,5919800000";"4,9403300000"
"202100000166";"15";"07";"2021";"18:30";"1";"13";"13047";"1";"1";"1";"4";"RN 1589 LA TRANSHUMANCE";"43,5042800000";"4,9656200000"
"202100000167";"14";"07";"2021";"18:00";"1";"13";"13047";"1";"1";"1";"3";"CD16 (LE DELA)";"43,5239700000";"5,0076500000"
"202100000168";"30";"06";"2021";"13:55";"1";"13";"13063";"2";"1";"1";"2";"CALAMEAU CHEMIN DE";"43,5842407498";"4,9924215595"
"202100000169";"20";"05";"2021";"12:45";"1";"13";"13098";"1";"1";"1";"7";"D.51";"43,4647500000";"4,9811100000"
"202100000170";"17";"05";"2021";"16:55";"1";"13";"13063";"1";"1";"1";"1";"BELVAL CHEMIN DE";"43,5854600000";"5,0461700000"
"202100000171";"19";"10";"2021";"18:00";"1";"13";"13028";"2";"1";"1";"3";"SEVERIERS (CHEMIN DES)";"43,2033091763";"5,6156035408"
"202100000172";"19";"10";"2021";"11:15";"1";"13";"13028";"2";"1";"1";"5";"GRAILLE (AVENUE JEAN)";"43,1798272072";"5,5977528749"
"202100000173";"13";"10";"2021";"13:00";"1";"13";"13028";"2";"9";"1";"3";"CLEMENCEAU (BOULEVARD GEORGES)";"43,1771200000";"5,6107900000"
"202100000174";"31";"12";"2021";"16:10";"1";"31";"31210";"1";"1";"1";"7";"A 61 - PK 264.000";"43,3960210000";"1,6945120000"
"202100000175";"30";"06";"2021";"08:30";"1";"11";"11294";"1";"1";"1";"7";"D626";"43,0585800000";"2,0439080000"
"202100000176";"15";"07";"2021";"15:40";"1";"13";"13028";"2";"1";"1";"6";"SAINT JEAN (AVENUE DE)";"43,1890200000";"5,6291700000"
"202100000177";"27";"02";"2021";"12:45";"1";"93";"93045";"2";"9";"1";"1";"PARIS RUE DE";"48,8812500000";"2,4209500000"
"202100000178";"22";"05";"2021";"18:00";"1";"02";"02168";"2";"1";"1";"2";"SOISSONS (AVENUE DE) 01";"49,0445540000";"3,3993280000"
"202100000179";"9";"11";"2021";"16:45";"1";"33";"33063";"2";"6";"1";"3";"Rue de Canolle";"44,8267700000";" -0,6013200000"
"202100000180";"21";"10";"2021";"08:15";"2";"33";"33069";"2";"1";"1";"2";"Rue Ferdinand Buisson";"44,8627300000";" -0,5846200000"
"202100000181";"29";"10";"2021";"18:00";"2";"73";"73241";"2";"3";"7";"1";"Chemin des Moulins";"45,6149750000";"6,3191020000"
"202100000182";"27";"09";"2021";"14:30";"1";"73";"73025";"1";"1";"1";"6";"Autoroute A43";"45,5629786859";"5,6827133994"
"202100000183";"23";"08";"2021";"18:40";"1";"73";"73213";"1";"1";"1";"6";"D201 Rte d Apremont";"45,5508110000";"5,9560900000"
"202100000184";"22";"09";"2021";"00:30";"5";"21";"21606";"2";"1";"1";"6";"D974";"47,0700270000";"4,8730910000"
"202100000185";"2";"10";"2021";"14:30";"1";"63";"63195";"2";"3";"1";"1";"Rue de la République";"45,8279465065";"3,3822414279"
"202100000186";"8";"12";"2021";"18:45";"5";"22";"22215";"1";"1";"1";"2";"LOGE (RUE DE LA)";"48,4704400000";" -2,8032500000"
"202100000187";"25";"11";"2021";"17:50";"5";"13";"13215";"2";"1";"3";"1";"GAFFAREL (RUE)";"43,3490000000";"5,3617000000"
"202100000188";"12";"11";"2021";"10:53";"1";"61";"61116";"1";"1";"1";"7";"Lieu Dit le Rivray";"48,3965810000";"0,8674530000"
"202100000189";"9";"11";"2021";"13:55";"1";"13";"13098";"2";"1";"1";"2";"JEAN MOULIN BOULEVARD";"43,4489700000";"5,0200200000"
"202100000190";"9";"11";"2021";"07:50";"1";"13";"13063";"2";"3";"1";"3";"CHIRONS ROUTE DES";"43,5841099664";"5,0106133570"
"202100000191";"30";"11";"2021";"13:42";"1";"75";"75119";"2";"2";"8";"3";"AVENUE DE LAUMIERE";"48,8846000000";"2,3796500000"
"202100000192";"16";"12";"2021";"09:15";"1";"74";"74026";"2";"6";"8";"6";"Route de Choisy";"45,9637850000";"6,0435750000"
"202100000193";"17";"12";"2021";"13:50";"1";"74";"74073";"1";"1";"1";"1";"d32";"46,3463200000";"6,6312360000"
"202100000194";"26";"12";"2021";"19:29";"3";"74";"74220";"1";"9";"2";"6";"Route de la Pierre aux Fées";"46,1284410000";"6,2851910000"
"202100000195";"20";"12";"2021";"07:01";"2";"74";"74229";"2";"8";"1";"3";"D15";"46,2248290000";"6,3017860000"
"202100000196";"21";"12";"2021";"05:50";"3";"13";"13071";"1";"1";"1";"1";"A7-Sens Lyon vers Marseille";"43,4067560000";"5,3278240000"
"202100000197";"7";"06";"2021";"07:40";"1";"85";"85191";"2";"1";"1";"6";"Boulevard Édouard Branly";"46,6746600000";" -1,4416100000"
"202100000198";"26";"11";"2021";"22:20";"5";"33";"33529";"2";"1";"2";"6";"Rue Lagrua";"44,6421000000";" -1,1567100000"
"202100000199";"14";"10";"2021";"19:30";"2";"33";"33063";"2";"1";"1";"2";"Cours Victor Hugo";"44,8352900000";" -0,5698300000"
"202100000200";"29";"05";"2021";"18:00";"1";"62";"62041";"2";"1";"1";"6";"CARNOT ( BOULEVARD )";"50,2876390000";"2,7732550000"
"202100000201";"30";"11";"2021";"09:45";"1";"61";"61001";"2";"6";"2";"3";"CLAUDE BERNARD (RUE )";"48,4365200000";"0,1049600000"
"202100000202";"23";"11";"2021";"13:00";"1";"61";"61001";"2";"3";"1";"3";"BALZAC (RUE)";"48,4287980000";"0,0820650000"
"202100000203";"18";"10";"2021";"15:37";"1";"88";"88213";"1";"1";"1";"7";"Col du Las";"48,3397780000";"7,0583940000"
"202100000204";"5";"10";"2021";"14:20";"1";"88";"88445";"2";"6";"1";"3";"Giratoire RD415";"48,2373580000";"6,9520710000"
"202100000205";"23";"12";"2021";"23:00";"4";"33";"33550";"2";"1";"1";"2";"Rue du Docteur Schweitzer";"44,7734500000";" -0,5363100000"
"202100000206";"29";"11";"2021";"18:00";"5";"74";"74012";"2";"3";"8";"3";"EUROPE (AVENUE DE L')";"46,1835810000";"6,2312400000"
"202100000207";"30";"06";"2021";"11:20";"1";"13";"13102";"2";"5";"1";"3";"RENE CAILLOUX (BD )";"43,4232500000";"5,2410700000"
"202100000208";"5";"06";"2021";"12:25";"1";"13";"13117";"1";"4";"1";"7";"ROUTE DEPARTEMENTALE 20";"43,4243200000";"5,2371400000"
"202100000209";"10";"04";"2021";"00:15";"5";"13";"13043";"1";"1";"1";"1";"GEORGES POMPIDOU (AV )";"43,3853700000";"5,2181700000"
"202100000210";"3";"01";"2021";"16:40";"1";"13";"13001";"2";"1";"2";"1";"MIRABEAU (COURS)";"43,5267566969";"5,4489003786"
"202100000211";"21";"02";"2021";"08:45";"1";"13";"13209";"2";"2";"1";"3";"VALLON DE TOULOUSE (RUE)";"43,2677000000";"5,4202800000"
"202100000212";"18";"11";"2021";"18:45";"5";"33";"33207";"2";"1";"1";"6";"Rue du Sablonat";"44,9271080000";" -0,3604150000"
"202100000213";"2";"12";"2021";"01:30";"3";"01";"01034";"1";"1";"5";"6";"D 1504";"45,7638260000";"5,7045440000"
"202100000214";"9";"09";"2021";"20:25";"3";"29";"29245";"1";"1";"1";"2";"D25 - Pen Ar Forest Huella";"48,4599950000";" -4,3550810000"
"202100000215";"10";"11";"2021";"08:45";"1";"30";"30028";"2";"1";"1";"6";"JEAN PERRIN (AVENUE)";"44,1637510000";"4,6226700000"
"202100000216";"15";"12";"2021";"17:50";"3";"62";"62225";"2";"2";"1";"5";"SAINT-OMER (ROUTE DE...............)";"50,7648400000";"2,3808000000"
"202100000217";"14";"07";"2021";"19:30";"1";"61";"61159";"1";"1";"1";"7";"N/A";"48,6538460000";"0,4104350000"
"202100000218";"24";"07";"2021";"16:20";"1";"61";"61001";"2";"6";"2";"3";"N/A";"48,4343330000";"0,0935580000"
"202100000219";"30";"10";"2021";"16:20";"1";"74";"74298";"2";"1";"2";"3";"EUROPE (AVENUE DE L')";"46,1765810000";"6,2405400000"
"202100000220";"18";"09";"2021";"03:35";"3";"59";"59014";"2";"3";"1";"6";"LECALIEZ (RUE)";"50,3712812153";"3,5137865692"
"202100000221";"30";"08";"2021";"11:25";"1";"59";"59160";"2";"1";"1";"3";"DEPORTES (RUE DES)";"50,4129921000";"3,6625550000"
"202100000222";"8";"04";"2021";"04:10";"5";"59";"59616";"2";"1";"1";"6";"MARCEL SEMBAT (RUE)";"50,4690600000";"3,5735400000"
"202100000223";"13";"11";"2021";"09:00";"1";"13";"13204";"2";"1";"1";"2";"ALEX. FLEMING (BOULEVARD)";"43,3165335731";"5,3961287740"
"202100000224";"9";"11";"2021";"16:50";"1";"06";"06030";"1";"1";"1";"6";"MESANGES (ALLEE DES)";"43,5748900000";"7,0225780000"
"202100000225";"7";"11";"2021";"16:00";"1";"06";"06029";"2";"1";"1";"1";"ST PIERRE (QUAI)";"43,5505300000";"7,0121000000"
"202100000226";"4";"06";"2021";"11:30";"1";"73";"73065";"2";"3";"8";"3";"Avenue Maréchal Leclerc";"45,5703281257";"5,9167166719"
"202100000227";"13";"11";"2021";"10:50";"1";"974";"97416";"1";"1";"1";"5";"RN1 (ROUTE NATIONALE)";" -21,3316800000";"55,4572400000"
"202100000228";"17";"11";"2021";"17:01";"2";"36";"36044";"2";"2";"1";"5";"N/A";"46,8095700000";"1,6701700000"
"202100000229";"20";"02";"2021";"22:38";"5";"13";"13117";"2";"1";"1";"2";"CHEVILLES ( ALLEE DES )";"43,4646200000";"5,2319400000"
"202100000230";"13";"11";"2021";"11:20";"1";"06";"06088";"2";"1";"1";"6";"LEPANTE (R. DE)";"43,7063270000";"7,2686120000"
"202100000231";"10";"10";"2021";"14:20";"1";"06";"06088";"2";"1";"1";"2";"ARIANE (BD DE L')";"43,7331400000";"7,2889800000"
"202100000232";"19";"08";"2021";"18:25";"1";"06";"06088";"2";"3";"1";"3";"CESSOLE (BD DE) (JUSQU'AU N° 93-110)";"43,7126550000";"7,2552740000"
"202100000233";"18";"08";"2021";"17:40";"1";"06";"06088";"2";"1";"1";"2";"ANGLAIS (A PARTIR DU N° 351)";"43,6704100000";"7,2230800000"
"202100000234";"2";"08";"2021";"00:30";"5";"06";"06088";"2";"1";"1";"6";"BELLET (RTE DE)";"43,7329700000";"7,2164530000"
"202100000235";"21";"12";"2021";"19:15";"5";"29";"29075";"2";"6";"1";"3";"Rue Saint-Thudon";"48,4412941100";" -4,4008326500"
"202100000236";"30";"05";"2021";"11:35";"1";"73";"73065";"2";"1";"1";"3";"111 Avenue de Turin";"45,5691735490";"5,9315761864"
"202100000237";"22";"05";"2021";"16:23";"1";"976";"97611";"2";"1";"1";"3";"m'tsapere-Mosquée Maevantana (ruelle )";" -12,7929700000";"45,2173400000"
"202100000238";"13";"11";"2021";"15:20";"1";"974";"97411";"1";"9";"1";"7";"RN2/091";" -20,8942000000";"55,5024200000"
"202100000239";"24";"10";"2021";"12:10";"1";"28";"28134";"2";"1";"1";"2";"BOIS SABOT (RUE DU)";"48,7377000000";"1,3612400000"
"202100000240";"20";"11";"2021";"04:35";"5";"75";"75109";"2";"2";"1";"3";"BOULEVARD POISSONNIERE";"48,8706880000";"2,3479170000"
"202100000241";"30";"12";"2021";"19:00";"3";"2B";"2B080";"1";"1";"1";"1";"Restaurant";"42,5027670000";"9,1768290000"
"202100000242";"19";"10";"2021";"12:10";"1";"36";"36202";"1";"2";"1";"3";"217 Avenue de Tours";"46,8228300000";"1,6564300000"
"202100000243";"25";"09";"2021";"18:30";"1";"36";"36044";"2";"3";"1";"3";"Ferdinand de Lesseps";"46,8108900000";"1,7160900000"
"202100000244";"9";"11";"2021";"07:20";"2";"91";"91692";"2";"3";"1";"6";"BERRY (AVENUE DU)";"48,6824780000";"2,1711510000"
"202100000245";"16";"10";"2021";"16:30";"1";"13";"13043";"2";"3";"1";"3";"GEORGES POMPIDOU (AV )";"43,3874800000";"5,2145200000"
"202100000246";"15";"10";"2021";"16:30";"1";"59";"59512";"2";"2";"1";"6";"DOUAI (BOULEVARD DE)";"50,6812040000";"3,1680130000"
"202100000247";"14";"11";"2021";"02:30";"5";"59";"59122";"2";"1";"2";"6";"MOULIN (PLACE JEAN)";"50,1749456980";"3,2292988647"
"202100000248";"11";"11";"2021";"18:30";"5";"14";"14699";"2";"2";"1";"1";"D 677";"49,3401700000";"0,1031200000"
"202100000249";"14";"05";"2021";"12:21";"1";"78";"78172";"1";"1";"2";"2";"BRETELLE ACCES RD203/RN184 ";"49,0020710000";"2,0815830000"
"202100000250";"21";"10";"2021";"17:55";"1";"69";"69386";"2";"1";"1";"2";"CREQUI (DE) (R)";"45,7761264739";"4,8446971178"
"202100000251";"8";"10";"2021";"09:50";"1";"69";"69386";"2";"1";"1";"6";"MARECHAL LYAUTEY (PL)";"45,7677673652";"4,8423796892"
"202100000252";"4";"10";"2021";"07:48";"1";"74";"74119";"1";"9";"2";"6";"VERDANNES (ROUTE DES) ";"46,3900000000";"6,5800000000"
"202100000253";"29";"09";"2021";"11:48";"1";"74";"74119";"2";"2";"1";"3";"SAINT THOMAS (ROUTE DE)";"46,3887100000";"6,5900880000"
"202100000254";"19";"09";"2021";"19:10";"1";"74";"74010";"2";"1";"1";"6";"JULES PHILIPPE (QUAI)";"45,9003100000";"6,1284000000"
"202100000255";"13";"11";"2021";"21:40";"3";"18";"18205";"1";"6";"1";"7";"ORLEANS (ROUTE D')";"47,1099000000";"2,3777000000"
"202100000256";"13";"11";"2021";"22:20";"3";"38";"38544";"2";"1";"2";"7";"GUILLEMOTTES(RUE DES)";"45,5360907444";"4,8879256813"
"202100000257";"23";"11";"2021";"00:01";"5";"06";"06069";"1";"1";"1";"6";"DRAGUIGNAN (ROUTE DE) - D2562-";"43,6429100000";"6,9087100000"
"202100000258";"26";"12";"2021";"00:02";"5";"06";"06069";"2";"1";"1";"6";"SEMARD - LA GARE (AVENUE PIERRE)";"43,6549200000";"6,9272900000"
"202100000259";"23";"12";"2021";"18:44";"5";"06";"06069";"1";"1";"1";"6";"PLAN (ROUTE DU) -D304-";"43,6521919000";"6,9475085000"
"202100000260";"10";"02";"2021";"20:50";"3";"91";"91161";"1";"1";"1";"2";"AUTOROUTE A6";"48,6997400000";"2,3118450000"
"202100000261";"29";"05";"2021";"18:20";"1";"84";"84031";"2";"1";"1";"3";"GIRAUD BOULEVARD LOUIS";"44,0460900000";"5,0482100000"
"202100000262";"30";"07";"2021";"13:45";"1";"06";"06029";"2";"1";" -1";"2";"PERIER (BOULEVARD DU)";"43,5666400000";"6,9950500000"
"202100000263";"29";"07";"2021";"07:50";"1";"06";"06027";"2";"3";"1";"3";"LECLERCAVENUE GENERAL";"43,6583710000";"7,1634300000"
"202100000264";"30";"07";"2021";"22:00";"5";"06";"06027";"2";"5";"1";"3";"NICE AVENUE DE (RN7)";"43,6595991000";"7,1695870000"
"202100000265";"26";"07";"2021";"19:25";"1";"06";"06029";"2";"1";"1";"3";"MIDI (BOULEVARD DU)";"43,5451810000";"6,9701300000"
"202100000266";"25";"05";"2021";"06:10";"1";"06";"06027";"2";"3";"1";"3";"NICE AVENUE DE (RN7)";"43,6592780000";"7,1661790000"
"202100000267";"20";"04";"2021";"11:20";"1";"06";"06027";"2";"1";"1";"2";"BORD DE MER RN 98";"43,6567080000";"7,1642810000"
"202100000268";"7";"10";"2021";"09:45";"1";"69";"69383";"2";"1";"1";"6";"FEUILLAT (R)";"45,7450910000";"4,8747500000"
"202100000269";"24";"09";"2021";"23:30";"3";"13";"13117";"1";"4";"1";"5";"CD20 E";"43,4269400000";"5,2348000000"
"202100000270";"14";"10";"2021";"17:50";"1";"33";"33036";"2";"1";"1";"3";"Cours du Maréchal Foch";"44,4301140000";" -0,2142440000"
"202100000271";"12";"07";"2021";"18:15";"1";"91";"91207";"2";"8";"1";"6";"allée des joncs";"48,5843270000";"2,2283370000"
"202100000272";"8";"11";"2021";"18:30";"5";"74";"74200";"2";"1";"1";"3";"LAC (RUE DU)";"46,4029900000";"6,6141800000"
"202100000273";"18";"09";"2021";"21:00";"5";"38";"38544";"2";"3";"8";"3";"AQUEDUCS(CHEMIN DES) ";"45,5396791909";"4,8613938689"
"202100000274";"18";"09";"2021";"20:33";"2";"38";"38544";"2";"3";"1";"3";"VIADUC(RUE DU)";"45,5334100000";"4,8738200000"
"202100000275";"14";"09";"2021";"07:15";"1";"38";"38544";"2";"1";"1";"3";"CLAUDE BERNARD(QUAI)";"45,5399900000";"4,8601900000"
"202100000276";"22";"05";"2021";"10:27";"1";"44";"44135";"2";"5";"1";"3";"Bd Atlantique Rue Codan";"47,2694110000";" -2,4407170000"
"202100000277";"29";"10";"2021";"03:25";"3";"32";"32368";"1";"1";"1";"6";"N21";"43,7544270000";"0,6202450000"
"202100000278";"30";"12";"2021";"17:00";"2";"41";"41114";"1";"1";"7";"6";"A10";"47,7580430000";"1,5524350000"
"202100000279";"12";"08";"2021";"09:40";"1";"19";"19275";"2";"1";"7";"6";"THIERS (AVENUE) N° PAIRS";"45,5459500000";"2,3054800000"
"202100000280";"23";"04";"2021";"18:00";"1";"73";"73065";"2";"3";"1";"6";"Rue de Champagne";"45,5896362643";"5,9162860710"
"202100000281";"28";"04";"2021";"12:40";"1";"62";"62160";"2";"3";"1";"3";"CHATILLON (Bld de)";"50,7255120000";"1,5912310000"
"202100000282";"27";"09";"2021";"16:45";"1";"69";"69259";"2";"2";"1";"6";"PROSPER ALFARIC (R)";"45,7041900000";"4,8724900000"
"202100000283";"23";"09";"2021";"08:30";"1";"69";"69386";"2";"1";"1";"2";"CHARLES DE GAULLE (Q)";"45,7835510000";"4,8490600000"
"202100000284";"16";"09";"2021";"08:15";"1";"69";"69387";"2";"1";"1";"6";"UNIVERSITE (DE L') (R)";"45,7500210000";"4,8405300000"
"202100000285";"9";"09";"2021";"07:45";"1";"69";"69383";"2";"2";"8";"3";"CREQUI (DE) (R)";"45,7532410000";"4,8490000000"
"202100000286";"30";"12";"2021";"13:15";"1";"56";"56004";"1";"1";"1";"5";"N165 sens Nantes/Brest";"47,5389630000";" -2,4171420000"
"202100000287";"17";"11";"2021";"17:00";"1";"976";"97611";"2";"1";"1";"7";"mamamoudzou centre-Comndant Passot (Plac";" -12,7850907243";"45,2284882526"
"202100000288";"9";"07";"2021";"18:00";"1";"13";"13047";"1";"1";"1";"3";"LAVALDUC CHEMIN DE";"43,4878300000";"4,9658100000"
"202100000289";"17";"06";"2021";"16:40";"1";"13";"13063";"2";"1";"1";"3";"PAUL VAILLANT COUTURIER RUE";"43,5817000000";"5,0026500000"
"202100000290";"10";"05";"2021";"15:10";"1";"13";"13063";"2";"1";"3";"2";"THEODORE AUBANEL BOULEVARD";"43,5876300000";"5,0019900000"
"202100000291";"31";"12";"2021";"14:35";"1";"69";"69214";"2";"4";"1";"2";"D308";"46,0029760000";"4,3254480000"
"202100000292";"22";"10";"2021";"17:20";"1";"69";"69081";"1";"1";"1";"3";"M6   449.510 A 451.640";"45,7946674871";"4,7798171639"
"202100000293";"12";"11";"2021";"20:25";"5";"69";"69383";"2";"2";"1";"3";"GAMBETTA (CR)";"45,7562700000";"4,8403700000"
"202100000294";"13";"11";"2021";"16:30";"2";"69";"69386";"2";"1";"1";"3";"JULES FERRY (PL)";"45,7670000000";"4,8590000000"
"202100000295";"11";"11";"2021";"23:20";"5";"69";"69199";"2";"1";"1";"2";"CARNOT (R)";"45,7080000000";"4,8637400000"
"202100000296";"7";"11";"2021";"20:10";"5";"69";"69383";"2";"2";"1";"3";"LAFAYETTE                           (CO)";"45,7635500000";"4,8430200000"
"202100000297";"8";"11";"2021";"20:00";"5";"69";"69383";"2";"3";"1";"7";"LACASSAGNE (AV)";"45,7512000000";"4,8726100000"
"202100000298";"8";"11";"2021";"11:00";"1";"69";"69386";"2";"2";"1";"3";"EMERAUDES (DES) (R)";"45,7690200000";"4,8604800000"
"202100000299";"21";"07";"2021";"20:30";"3";"972";"97222";"1";"9";"1";"3";"Chemin Trou Man Lic, RN1";"14,7033100000";" -60,9411620000"
"202100000300";"1";"07";"2021";"17:10";"1";"972";"97207";"1";"6";"1";"2";"Route nationale 5";"14,5715800000";" -60,9818240000"
"202100000301";"17";"12";"2021";"16:10";"1";"69";"69093";"1";"1";"1";"6";"GRANDRIS (DE) (RTE)";"46,0366810000";"4,4815310000"
"202100000302";"10";"06";"2021";"22:30";"5";"33";"33063";"2";"1";" -1";"6";"Promenade Quai des Chartrons";"44,8535260000";" -0,5657060000"
"202100000303";"28";"11";"2021";"03:30";"5";"95";"95268";"2";"1";"1";"2";"AV DE STALINGRAD";"48,9658313804";"2,4084949493"
"202100000304";"18";"08";"2021";"14:30";"1";"35";"35093";"2";"1";"1";"6";"ROCHAID (PLACE)";"48,6322300000";" -2,0582700000"
"202100000305";"4";"11";"2021";"19:31";"5";"973";"97302";"2";"1";"1";"6";"JACARANDAS (CITE)";"4,9351410894";" -52,3162086010"
"202100000306";"12";"11";"2021";"15:20";"1";"62";"62427";"2";"1";"1";"6";"CARNOT (PL.)";"50,4204700000";"2,9486600000"
"202100000307";"22";"06";"2021";"14:50";"1";"36";"36044";"2";"6";"1";"3";"deschizeau";"46,8103200000";"1,6870300000"
"202100000308";"12";"07";"2021";"20:05";"1";"13";"13054";"2";"9";"1";"6";"DEPARTEMENTALE 48 (ROUTE )";"43,4050800000";"5,2231800000"
"202100000309";"11";"07";"2021";"18:50";"1";"13";"13054";"1";"1";"1";"1";"PLAGE (RTE DE LA )";"43,4348600000";"5,1972000000"
"202100000310";"10";"07";"2021";"02:40";"3";"13";"13043";"1";"9";"1";"7";"GEORGES POMPIDOU (AV )";"43,3938400000";"5,2026200000"
"202100000311";"8";"07";"2021";"09:30";"1";"13";"13019";"2";"6";"1";"3";"ROUTE D’APT";"43,4651100000";"5,3536000000"
"202100000312";"2";"07";"2021";"18:30";"1";"13";"13043";"1";"1";"7";"3";"ROVE (AV DU )";"43,3830300000";"5,2203900000"
"202100000313";"31";"05";"2021";"15:30";"1";"13";"13071";"1";"1";"1";"3";"ROUTE NATIONALE 368 (PLAN DES PENNES)";"43,4074731754";"5,2941481628"
"202100000314";"3";"05";"2021";"18:30";"1";"13";"13071";"2";"1";"1";"3";"ROUTE NATIONALE 113 - AGAVON";"43,4154900000";"5,2964500000"
"202100000315";"28";"03";"2021";"16:05";"1";"13";"13117";"2";"3";"1";"3";"ALTADIS (BD DE L'EUROPE)";"43,4230244821";"5,2554774284"
"202100000316";"29";"07";"2021";"19:10";"1";"13";"13047";"2";"1";"1";"6";"FELIX GOUIN AVENUE";"43,4966800000";"4,9865400000"
"202100000317";"19";"07";"2021";"17:30";"1";"13";"13047";"2";"1";"1";"2";"RAYMOND FILIPPI AVENUE";"43,4986000000";"4,9808900000"
"202100000318";"10";"07";"2021";"15:30";"1";"13";"13098";"1";"9";"1";"7";"D.5";"43,4502400000";"5,0155700000"
"202100000319";"21";"06";"2021";"09:30";"1";"13";"13047";"2";"1";"1";"2";"ADRIEN BLANC ALL‚E";"43,4823470555";"4,9958238903"
"202100000320";"31";"12";"2021";"17:00";"1";"83";"83144";"2";"6";"1";"3";"PICOT (AVE DU COLONEL)";"43,1351800000";"5,9775500000"
"202100000321";"23";"12";"2021";"17:10";"5";"30";"30189";"2";"2";"1";"6";"SAUVE (RUE)";"43,8371000000";"4,3454000000"
"202100000322";"1";"04";"2021";"18:30";"1";"33";"33063";"2";"7";" -1";"3";"Place Paul Doumer";"44,8515900000";" -0,5740400000"
"202100000323";"28";"05";"2021";"19:40";"1";"33";"33397";"1";"2";"1";"3";"Avenue de Saint-Loubes";"44,9217814079";" -0,4760372800"
"202100000324";"11";"02";"2021";"18:15";"2";"33";"33080";"2";"2";"1";"3";"Chemin de Martillac";"44,7467100000";" -0,5638400000"
"202100000325";"1";"02";"2021";"07:30";"2";"33";"33063";"2";"2";" -1";"6";"Rue Pasteur";"44,8457500000";" -0,6177500000"
"202100000326";"19";"02";"2021";"06:30";"2";"73";"73011";"2";"8";"1";"6";"D990  PN 21";"45,6666896634";"6,3703257092"
"202100000327";"3";"09";"2021";"16:48";"1";"06";"06029";"2";"1";" -1";"6";"99 avenue Francis Tonner";"43,5495750000";"6,9760150000"
"202100000328";"28";"01";"2021";"16:30";"1";"33";"33063";"2";"3";"1";"7";"Rue de Saget";"44,8275200000";" -0,5579800000"
"202100000329";"19";"09";"2021";"20:45";"5";"67";"67304";"2";"1";"3";"5";"70 Rue Principale";"48,8219780000";"7,6237210000"
"202100000330";"11";"12";"2021";"09:50";"1";"77";"77295";"1";"1";"1";"6";"D215";"48,5694590000";"2,7571820000"
"202100000331";"10";"11";"2021";"18:30";"5";"81";"81140";"2";"1";"2";"6";"Allées Jean Jaurès";"43,6989450000";"1,8155070000"
"202100000332";"9";"12";"2021";"18:20";"3";"59";"59626";"1";"1";"1";"6";"D73";"50,2923550000";"3,6078930000"
"202100000333";"22";"11";"2021";"22:15";"3";"50";"50502";"1";"1";"9";"2";"RN 174  (2x2 ) Atlantique-route de Tessy";"49,0976000000";" -1,0605000000"
"202100000334";"28";"08";"2021";"21:00";"5";"38";"38382";"1";"8";"1";"6";"Rue de l'Industrie";"45,2207770000";"5,6814511000"
"202100000335";"25";"10";"2021";"16:40";"1";"74";"74014";"2";"1";"1";"6";"117 Route des Champs";"46,0412140000";"6,6320310000"
"202100000336";"8";"10";"2021";"14:00";"1";"74";"74225";"1";"1";"8";"1";"D240";"45,8261080000";"5,9648910000"
"202100000337";"10";"08";"2021";"13:50";"1";"73";"73008";"2";"2";"1";"1";"SIMOND ST AVENUE";"45,7081560000";"5,9158040000"
"202100000338";"29";"12";"2021";"19:20";"5";"95";"95680";"2";"1";"1";"3";"PARIS (RUE DE)";"49,0081617344";"2,3832768202"
"202100000339";"23";"10";"2021";"16:00";"1";"69";"69029";"1";"1";"1";"2";"A43   0.550 A 3.353";"45,7283597461";"4,9031102657"
"202100000340";"25";"04";"2021";"03:40";"5";"13";"13063";"2";"1";"1";"1";"ALBERT CAMUS  RUE";"43,5800000000";"5,0021000000"
"202100000341";"22";"12";"2021";"13:15";"1";"82";"82027";"1";"1";"1";"1";"Route des Vignes";"43,8980280000";"1,3286700000"
"202100000342";"27";"11";"2021";"21:00";"3";"42";"42330";"1";"1";"4";"2";"A72";"45,4721477048";"4,3633732795"
"202100000343";"29";"10";"2021";"19:10";"3";"67";"67482";"1";"1";"1";"6";"M352";"48,5710819152";"7,7329641581"
"202100000344";"27";"12";"2021";"14:10";"1";"33";"33063";"2";"2";"8";"3";"Avenue d'Arès";"44,8364600000";" -0,6011900000"
"202100000345";"24";"12";"2021";"19:20";"5";"13";"13055";"1";"1";"2";"3";"A507 sens Marseille - Aubagne";"43,2918034515";"5,4242679208"
"202100000346";"18";"01";"2021";"11:25";"1";"17";"17333";"2";"3";"8";"4";"Av Géneral Andrieu ";"45,6057450000";" -0,9647310000"
"202100000347";"23";"09";"2021";"07:30";"2";"69";"69383";"2";"2";"1";"5";"MARECHAL DE SAXE (AV)";"45,7626800000";"4,8451400000"
"202100000348";"13";"09";"2021";"10:20";"1";"02";"02691";"2";"1";"1";"6";"SCHUMAN (AV. ROBERT)";"49,8597903422";"3,2969641683"
"202100000349";"27";"10";"2021";"11:15";"1";"75";"75108";"2";"3";"1";"3";"BOULEVARD MALESHERBES";"48,8804910000";"2,3129920000"
"202100000350";"24";"12";"2021";"01:45";"3";"69";"69142";"1";"1";"1";"2";"M7";"45,7192041632";"4,8187065125"
"202100000351";"13";"11";"2021";"03:15";"5";"69";"69389";"2";"9";"1";"6";"BALMONT (DE) (BD)";"45,7862900000";"4,8012000000"
"202100000352";"12";"11";"2021";"10:25";"1";"87";"87048";"1";"3";"1";"1";"BREGERAS ( ROUTE DE)";"45,7775700000";"1,2405400000"
"202100000353";"10";"11";"2021";"17:00";"1";"87";"87085";"2";"1";"1";"6";"FOUGERAS (RUE DE)";"45,8695800000";"1,2977500000"
"202100000354";"24";"10";"2021";"12:52";"1";"87";"87085";"2";"1";"1";"3";"FRACHON ( ave Benoit)";"45,8532800000";"1,2958800000"
"202100000355";"11";"11";"2021";"19:30";"5";"77";"77131";"2";"1";"1";"7";"JEAN MOULIN (RUE)";"48,8084628681";"3,0777722016"
"202100000356";"12";"11";"2021";"18:00";"5";"69";"69264";"2";"1";"1";"6";"RONCEVAUX (R)";"45,9945900000";"4,7151700000"
"202100000357";"12";"09";"2021";"18:50";"1";"64";"64445";"1";"1";"1";"6";"OLOF PALME";"43,3339200000";" -0,3582000000"
"202100000358";"27";"10";"2021";"17:50";"1";"35";"35093";"2";"2";"1";"1";"MANOIR (AVENUE DU)";"48,6240600000";" -2,0337500000"
"202100000359";"21";"10";"2021";"10:55";"1";"32";"32013";"2";"6";"1";"2";"HUIT MAI";"43,6645000000";"0,5931000000"
"202100000360";"25";"07";"2021";"16:20";"1";"13";"13054";"2";"9";"1";"6";"FRANCIS GARNIER (RUE )";"43,4124600000";"5,2085700000"
"202100000361";"27";"06";"2021";"15:15";"1";"13";"13054";"2";"1";"1";"3";"8 MAI 1945 (AV DU )";"43,4170600000";"5,2266200000"
"202100000362";"4";"06";"2021";"13:00";"1";"13";"13117";"1";"1";"1";"2";"ROUTE NATIONALE 113-L'ANJOLY";"43,4231700000";"5,2663500000"
"202100000363";"5";"05";"2021";"19:50";"2";"13";"13102";"2";"1";"1";"3";"FELIX TURI (BD )";"43,4157589297";"5,2459273836"
"202100000364";"9";"02";"2021";"08:55";"1";"13";"13001";"1";"1";"1";"5";"STADIUM (CD9)";"43,4516000000";"5,3037400000"
"202100000365";"25";"01";"2021";"10:10";"1";"13";"13054";"2";"2";"1";"3";"JEAN MONNET (RUE )";"43,4029000000";"5,2164800000"
"202100000366";"11";"11";"2021";"14:10";"1";"13";"13213";"2";"1";"1";"3";"OLIVES (AVENUE DES)";"43,3294900000";"5,4302200000"
"202100000367";"9";"11";"2021";"08:15";"1";"13";"13213";"2";"1";"1";"1";"OLIVES (AVENUE DES)";"43,3262900000";"5,4392300000"
"202100000368";"13";"11";"2021";"17:00";"2";"06";"06069";"2";"6";"1";"2";"POISSONNIERS (CHEMIN DES)";"43,6471770000";"6,9401590000"
"202100000369";"12";"11";"2021";"18:25";"5";"06";"06069";"2";"1";"1";"6";"VICTOR HUGO  (BD)";"43,6548370000";"6,9187610000"
"202100000370";"9";"11";"2021";"09:30";"1";"06";"06027";"2";"1";"1";"2";"LECLERCAVENUE GENERAL";"43,6580890000";"7,1638370000"
"202100000371";"25";"10";"2021";"14:34";"1";"65";"65417";"2";"6";"1";"3";"Rue Edouard Dallas";"43,2237680000";"0,0941080000"
"202100000372";"1";"04";"2021";"23:42";"5";"63";"63113";"2";"1";"1";"6";"LIMOUSIN (AVENUE DU)";"45,7876600000";"3,0645400000"
"202100000373";"10";"04";"2021";"18:13";"2";"63";"63113";"2";"2";"1";"3";"ROUVIER (RUE)";"45,8064710000";"3,1142700000"
"202100000374";"24";"03";"2021";"09:16";"2";"57";"57757";"2";"8";" -1";"6";"N/A";"49,3597580000";"6,2104730000"
"202100000375";"13";"11";"2021";"12:45";"1";"78";"78650";"2";"2";"8";"3";"PRINCESSE (AVENUE DE LA)";"48,8878900000";"2,1360900000"
"202100000376";"27";"12";"2021";"19:45";"5";"06";"06079";"2";"6";"1";"3";"rond point des mimosistes";"43,5491080000";"6,9424260000"
"202100000377";"8";"05";"2021";"16:30";"1";"33";"33044";"1";"1";"1";"6";"RD140";"44,7686850000";" -0,1721330000"
"202100000378";"23";"10";"2021";"11:50";"1";"74";"74081";"2";"1";"1";"6";"Avenue Charles Poncet";"46,0634830000";"6,5798560000"
"202100000379";"25";"09";"2021";"15:00";"1";"06";"06085";"2";"4";"1";"3";"604 Chemin des Campelieres";"43,5825010000";"7,0097060000"
"202100000380";"13";"11";"2021";"15:45";"1";"33";"33105";"1";"1";"8";"6";"D230";"44,6687139137";" -0,1676166058"
"202100000381";"9";"11";"2021";"18:55";"5";"50";"50129";"2";"1";"2";"1";"VAL DE SAIRE (RUE DU)";"49,6388200000";" -1,6158600000"
"202100000382";"12";"12";"2021";"04:15";"3";"33";"33122";"1";"1";"1";"2";"A630";"44,7177130000";" -0,7410910000"
"202100000383";"25";"10";"2021";"17:30";"1";"74";"74256";"2";"1";"1";"6";"43 Route de la Provence";"45,9394831000";"6,6262520000"
"202100000384";"22";"10";"2021";"01:40";"5";"74";"74208";"1";"1";"1";"6";"a40";"45,9111310000";"6,6944200000"
"202100000385";"11";"10";"2021";"14:25";"1";"74";"74010";"2";"2";"1";"3";"LYCEE (BOULEVARD DU)(BROGNY A PARMELAN)";"45,9058728408";"6,1291070580"
"202100000386";"22";"08";"2021";"02:00";"3";"33";"33279";"1";"1";"1";"6";"Route de Larame";"44,5231070000";" -0,2538050000"
"202100000387";"29";"07";"2021";"20:45";"2";"04";"04112";"2";"6";"1";"3";"Inter rue des tourelles / Montée des bassins";"43,8347000000";"5,7785000000"
"202100000388";"10";"11";"2021";"11:40";"1";"25";"25031";"2";"1";"1";"6";"GRANDE RUE";"47,4853700000";"6,8352800000"
"202100000389";"31";"12";"2021";"23:00";"3";"35";"35285";"2";"1";"1";"6";"La vallée";"47,7622300000";" -1,9796370000"
"202100000390";"10";"10";"2021";"10:30";"1";"84";"84007";"2";"1";"1";"3";"MONTFAVET (Route)";"43,9407000000";"4,8272500000"
"202100000391";"14";"11";"2021";"18:15";"5";"64";"64129";"2";"6";"2";"2";"BAYONNE DE";"43,3050500000";" -0,4018300000"
"202100000392";"11";"11";"2021";"20:07";"5";"17";"17300";"2";"6";"1";"3";"MOULIN   AVENUE JEAN";"46,1399200000";" -1,1452000000"
"202100000393";"14";"11";"2021";"13:50";"2";"13";"13103";"2";"1";"1";"3";"AVENUE DE WERTHEIM";"43,6476136463";"5,0978875071"
"202100000394";"5";"12";"2021";"04:32";"3";"2B";"2B037";"1";"1";"1";"4";"11 - RT";"42,6141310000";"9,4378900000"
"202100000395";"21";"10";"2021";"01:20";"5";"94";"94011";"2";"9";"2";"6";"Avenue de Verdun";"48,7695000000";"2,4826600000"
"202100000396";"27";"12";"2021";"14:00";"1";"30";"30352";"1";"1";"1";"6";"D40";"43,7895230000";"4,0925270000"
"202100000397";"20";"12";"2021";"13:55";"1";"83";"83115";"2";"6";"1";"6";"place mermoz";"43,3107490000";"6,6346160000"
"202100000398";"13";"09";"2021";"22:25";"5";"64";"64445";"2";"1";"2";"2";"RESISTANCE";"43,3048200000";" -0,3761500000"
"202100000399";"28";"07";"2021";"15:50";"1";"13";"13071";"2";"1";"1";"2";"D 543";"43,4146800000";"5,3671400000"
"202100000400";"28";"07";"2021";"00:00";"5";"13";"13106";"2";"1";"1";"7";"PIGEONNIER (CHEMIN DU)";"43,4058900000";"5,3549100000"
"202100000401";"1";"07";"2021";"23:05";"3";"13";"13019";"1";"1";"1";"1";"D9";"43,4565900000";"5,3223800000"
"202100000402";"25";"06";"2021";"17:15";"1";"13";"13071";"1";"1";"1";"3";"CD 6";"43,4131800000";"5,3407400000"
"202100000403";"11";"06";"2021";"18:00";"1";"13";"13071";"2";"9";"1";"3";"AVENUE DU PLAN DE CAMPAGNE";"43,4169936602";"5,3558168775"
"202100000404";"20";"03";"2021";"18:00";"2";"13";"13071";"1";"1";"1";"3";"COLLET ROUGE ( CHEMIN DU )";"43,4101600000";"5,3651200000"
"202100000405";"17";"03";"2021";"08:00";"2";"13";"13071";"2";"9";"1";"1";"VIEILLE ROUTE DE LA GAVOTTE";"43,3942500000";"5,3403500000"
"202100000406";"23";"02";"2021";"18:00";"2";"13";"13071";"2";"1";"1";"3";"ROUTE NATIONALE 113 - MONTEE DE L'ASSASS";"43,4071700000";"5,3299800000"
"202100000407";"12";"11";"2021";"10:00";"1";"13";"13001";"2";"6";"2";"2";"RD9";"43,5043200000";"5,3954600000"
"202100000408";"9";"11";"2021";"22:50";"5";"13";"13001";"2";"1";"1";"3";"DALMAS JEAN (RUE)";"43,5319800000";"5,4299600000"
"202100000409";"9";"11";"2021";"10:24";"1";"13";"13001";"2";"9";"1";"7";"CLUB HIPPIQUE (AV)";"43,5143800000";"5,3196100000"
"202100000410";"25";"10";"2021";"09:57";"1";"69";"69059";"1";"8";"1";"6";"VALLEE (DE LA) (RTE)";"45,8567890000";"4,7005280000"
"202100000411";"19";"07";"2021";"17:15";"1";"86";"86213";"2";"8";"1";"6";"Rue de la Liberation";"46,4186860000";"0,0410070000"
"202100000412";"13";"01";"2021";"08:10";"2";"33";"33490";"2";"8";"2";"6";"Rue Mirambeau";"45,4334281000";" -1,0466930000"
"202100000413";"5";"11";"2021";"19:07";"5";"87";"87085";"2";"1";"1";"6";"GARIBALDI (AVENUE)";"45,8374100000";"1,2592200000"
"202100000414";"13";"11";"2021";"07:45";"1";"83";"83137";"2";"1";"1";"2";"LECLERC (AVE GENERAL)";"43,1256700000";"5,9286100000"
"202100000415";"8";"11";"2021";"17:05";"1";"83";"83062";"1";"1";"1";"3";"HOUOT (AVENUE CDT)";"43,1077200000";"5,9851700000"
"202100000416";"12";"11";"2021";"02:25";"5";"59";"59599";"2";"2";"1";"3";"MAURIAC (RUE FRANCOIS)";"50,7065450847";"3,1566093788"
"202100000417";"14";"11";"2021";"09:35";"1";"33";"33281";"2";"1";"1";"2";"Rue Bertheau";"44,8481100000";" -0,6413500000"
"202100000418";"14";"11";"2021";"00:10";"3";"31";"31149";"2";"1";"2";"2";"RN124";"43,6066900000";"1,3291400000"
"202100000419";"5";"11";"2021";"22:25";"5";"19";"19031";"2";"2";"1";"3";"ROUSSEAU (AVENUE JEAN JACQUES)";"45,1482600000";"1,5093300000"
"202100000420";"12";"11";"2021";"08:42";"1";"06";"06088";"2";"1";"8";"6";"FRANCE (R. DE) A PARTIR DU N° 66-91";"43,6921800000";"7,2469000000"
"202100000421";"18";"11";"2021";"16:15";"1";"25";"25474";"1";"1";"1";"7";"A36";"47,3392298433";"6,2296772005"
"202100000422";"4";"12";"2021";"17:30";"1";"28";"28363";"1";"1";"4";"5";"A10, PK041+900, EN DIRECTION D LA PROVINCE";"48,4134790000";"1,8972870000"
"202100000423";"22";"12";"2021";"19:50";"3";"67";"67085";"2";"1";"1";"6";"Rue du Vignoble";"48,5692715951";"7,4650651217"
"202100000424";"25";"06";"2021";"02:20";"5";"73";"73008";"2";"1";"1";"6";"Passage Victoria";"45,6892858791";"5,9090058811"
"202100000425";"25";"08";"2021";"20:00";"2";"69";"69259";"2";"1";"1";"7";"MAURICE THOREZ (AV)";"45,6998134935";"4,8623989970"
"202100000426";"15";"08";"2021";"01:50";"5";"69";"69387";"2";"1";"1";"6";"MARC BLOCH (R )";"45,7467860510";"4,8460929489"
"202100000427";"8";"11";"2021";"11:44";"1";"68";"68066";"2";"1";"1";"6";"BERNE (RUE DE)";"48,0713000000";"7,3295600000"
"202100000428";"12";"11";"2021";"19:10";"5";"27";"27229";"2";"1";"2";"3";"CITES UNIES (BOULEVARD DES)";"49,0181700000";"1,1427600000"
"202100000429";"11";"11";"2021";"19:40";"3";"18";"18267";"1";"1";"1";"2";"SAINT-AMAND (AVENUE DE)";"47,0362000000";"2,3890800000"
"202100000430";"13";"11";"2021";"23:20";"5";"13";"13208";"2";"1";"1";"3";"PRADO (AVENUE DU)";"43,2704975943";"5,3881923555"
"202100000431";"16";"10";"2021";"21:35";"5";"75";"75106";"2";"3";"1";"6";"RUE DE VAUGIRARD";"48,8489880000";"2,3341130000"
"202100000432";"27";"09";"2021";"08:35";"1";"67";"67339";"1";"1";"1";"1";"RD 263";"48,9121630000";"7,8744290000"
"202100000433";"10";"11";"2021";"06:45";"3";"49";"49018";"1";"2";"1";"3";"D60";"47,4952260000";" -0,1308490000"
"202100000434";"17";"12";"2021";"13:40";"1";"73";"73288";"1";"1";"1";"2";"A41 PK92.400";"45,6314040000";"5,9086410000"
"202100000435";"30";"06";"2021";"09:00";"1";"95";"95127";"1";"1";"1";"2";" A15";"49,0406586712";"2,0819080787"
"202100000436";"11";"06";"2021";"09:45";"1";"971";"97107";"2";"9";"1";"2";"DELGRES ( BOULEVARD )";"16,0444300000";" -61,5651600000"
"202100000437";"30";"09";"2021";"18:55";"2";"38";"38317";"2";"1";"1";"3";"D1075";"45,1212041000";"5,6968940000"
"202100000438";"30";"09";"2021";"17:45";"2";"38";"38006";"2";"3";"1";"6";"Boulevard des Anciens d Algérie";"45,4014520000";"6,0796451000"
"202100000439";"29";"09";"2021";"12:55";"1";"38";"38307";"1";"2";"1";"3";"route départementale 51";"45,4007710000";"5,0683560000"
"202100000440";"29";"09";"2021";"10:45";"1";"38";"38382";"2";"4";"1";"3";"Route de lyon";"45,2376310000";"5,6602740000"
"202100000441";"28";"09";"2021";"19:35";"4";"38";"38261";"2";"1";"1";"1";"560 Chemin de Balmette";"45,6719610000";"5,4618600000"
"202100000442";"28";"09";"2021";"12:00";"1";"38";"38511";"1";"1";"1";"1";"route départemantale 29";"45,3528241000";"5,9611990000"
"202100000443";"10";"05";"2021";"08:40";"1";"38";"38544";"2";"1";"3";"6";"Rue Victor Baltard";"45,5137900000";"4,9166900000"
"202100000444";"21";"09";"2021";"14:50";"1";"73";"73067";"1";"1";"1";"7";"D76 A Route des Attignours";"45,3659610000";"6,2903970000"
"202100000445";"17";"09";"2021";"23:36";"4";"73";"73011";"2";"1";"1";"6";"ARLANDAZ (ROUTE DE L')";"45,6719110000";"6,3722400000"
"202100000446";"15";"09";"2021";"09:30";"1";"73";"73245";"1";"1";"2";"6";"RD1504";"45,6934411000";"5,8303500000"
"202100000447";"14";"09";"2021";"13:00";"1";"73";"73330";"1";"1";"1";"6";"RD 921";"45,7397942175";"5,7804527879"
"202100000448";"9";"09";"2021";"06:45";"2";"73";"73081";"1";"1";"1";"6";"D59 Villaret Rouge";"45,6911481000";"6,1119600000"
"202100000449";"14";"07";"2021";"16:40";"1";"73";"73255";"2";"3";"2";"3";"Rte du Glandon";"45,3350169600";"6,2913403820"
"202100000450";"10";"12";"2021";"15:25";"1";"25";"25532";"2";"1";"1";"6";"22 Rue de la Fontaine";"47,2197000000";"6,1097400000"
"202100000451";"5";"10";"2021";"16:30";"1";"973";"97309";"1";"1";"1";"2";"Route de la Matourienne";"4,8770930000";" -52,2978560000"
"202100000452";"8";"11";"2021";"07:50";"2";"78";"78242";"2";"3";"1";"6";"CD 11";"48,8131000000";"2,0348300000"
"202100000453";"12";"11";"2021";"17:15";"2";"972";"97209";"2";"1";"2";"6";"AUTOROUTE A1";"14,6143970000";" -61,0490580000"
"202100000454";"14";"11";"2021";"07:05";"4";"64";"64445";"2";"1";"2";"7";"GUILHEM";"43,3204047836";" -0,3351634741"
"202100000455";"8";"11";"2021";"16:00";"1";"45";"45234";"2";"1";"1";"3";"OLIVET (ROUTE D'OLIVET)";"47,8832258044";"1,9039821625"
"202100000456";"8";"11";"2021";"17:00";"1";"45";"45298";"2";"1";"1";"3";"EUROPE (PONT DE L'EUROPE)";"47,8933600000";"1,8762500000"
"202100000457";"14";"11";"2021";"21:30";"5";"13";"13211";"2";"3";"2";"3";"WILLIAM BOOTH (AVENUE)";"43,2960000000";"5,4480000000"
"202100000458";"14";"11";"2021";"11:15";"1";"13";"13212";"2";"4";"1";"3";"CREDENCE (RUE)";"43,3205500000";"5,4451100000"
"202100000459";"13";"11";"2021";"19:15";"5";"13";"13209";"2";"9";"1";"3";"REDON (BOULEVARD DU)";"43,2495200000";"5,4223600000"
"202100000460";"13";"11";"2021";"13:30";"1";"972";"97209";"1";"1";"1";"4";"AUTOROUTE A1";"14,6163940000";" -61,0428400000"
"202100000461";"9";"11";"2021";"16:23";"1";"2A";"2A004";"2";"1";"1";"3";"ROUTE DU STILETTO";"41,9464900000";"8,7646400000"
"202100000462";"31";"12";"2021";"16:27";"1";"19";"19031";"2";"3";"1";"3";"MIRABEAU (BOULEVARD) COTE NORD";"45,1647300000";"1,5210200000"
"202100000463";"7";"12";"2021";"18:15";"5";"19";"19031";"2";"2";"3";"2";"VOLTAIRE (BOULEVARD)";"45,1618800000";"1,5407800000"
"202100000464";"29";"10";"2021";"17:25";"1";"19";"19031";"2";"1";"1";"3";"BRUNE (BOULEVARD)";"45,1534600000";"1,5364300000"
"202100000465";"28";"07";"2021";"13:35";"1";"19";"19031";"2";"1";"1";"2";"MALECROIX (RUE DE)";"45,1512100000";"1,5491700000"
"202100000466";"7";"07";"2021";"16:05";"1";"19";"19031";"2";"1";"1";"6";"FAURE (RUE ADRIEN ET EVA)";"45,1554060216";"1,5339395591"
"202100000467";"23";"12";"2021";"07:00";"1";"971";"97117";"2";"2";"1";"3";"D114";"16,3269760000";" -61,3528700000"
"202100000468";"12";"11";"2021";"15:00";"1";"972";"97209";"2";"3";"1";"3";"RELIGIEUSES (ROUTE DES)";"14,6157300000";" -61,0583500000"
"202100000469";"12";"11";"2021";"10:20";"1";"69";"69266";"2";"1";"1";"6";"GABRIEL PERI (R)";"45,7710400000";"4,8639600000"
"202100000470";"9";"11";"2021";"11:40";"1";"66";"66136";"2";"6";"1";"3";"BALEARES ROND POINT ET CITE DES";"42,6884800000";"2,8950200000"
"202100000471";"14";"11";"2021";"12:10";"1";"37";"37122";"2";"1";"2";"6";"GUTENBERG (RUE)";"47,3488856992";"0,6479999099"
"202100000472";"18";"10";"2021";"17:15";"1";"75";"75102";"2";"3";"1";"6";"BOULEVARD DE SEBASTOPOL";"48,8670300000";"2,3529760000"
"202100000473";"31";"12";"2021";"23:40";"5";"59";"59350";"2";"2";"1";"5";"ANCIENNE BALATERIE RUE DE L";"50,6356700000";"3,0097700000"
"202100000474";"4";"12";"2021";"19:57";"5";"30";"30189";"2";"9";"1";"3";"Route d’Uzes";"43,8614000000";"4,3770000000"
"202100000475";"16";"06";"2021";"13:22";"1";"19";"19031";"2";"3";"1";"3";"VOLTAIRE (BOULEVARD)";"45,1600699424";"1,5406576395"
"202100000476";"22";"05";"2021";"14:45";"1";"19";"19031";"2";"3";"1";"3";"PARIS (AVENUE DE)";"45,1637890746";"1,5322977148"
"202100000477";"17";"05";"2021";"11:15";"1";"19";"19031";"2";"2";"1";"3";"DE JOUVENEL (BOULEVARD HENRI)";"45,1627745065";"1,5227977382"
"202100000478";"3";"05";"2021";"18:35";"1";"19";"19031";"2";"6";"1";"3";"MONTEIL (ROND-POINT ANDRE)";"45,1478379568";"1,4897847174"
"202100000479";"24";"02";"2021";"14:50";"1";"19";"19031";"2";"3";"1";"3";"COLI (RUE)";"45,1619500000";"1,5532500000"
"202100000480";"21";"01";"2021";"13:05";"1";"19";"19031";"2";"2";"1";"3";"ROOSEVELT (AVENUE DU PRESIDENT)";"45,1574200000";"1,5237200000"
"202100000481";"16";"12";"2021";"12:37";"1";"11";"11262";"2";"1";"1";"2";"BORDEAUX (AVENUE DE)";"43,1820700000";"2,9888400000"
"202100000482";"30";"12";"2021";"13:25";"1";"24";"24449";"1";"1";"1";"3";"Claud de l Oiseau";"45,0204520000";"0,2317000000"
"202100000483";"25";"12";"2021";"10:15";"1";"972";"97226";"1";"1";"1";"1";"quartier les anglais";"14,4383740000";" -60,8668600000"
"202100000484";"1";"06";"2021";"06:30";"1";"91";"91547";"1";"9";"1";"3";"D838";"48,4228360000";"1,9601910000"
"202100000485";"19";"12";"2021";"04:20";"3";"13";"13071";"1";"1";"1";"6";"A7-Sens Lyon vers Marseille";"43,4180270000";"5,2733750000"
"202100000486";"27";"10";"2021";"17:40";"1";"50";"50129";"2";"1";"1";"3";"TANNERIES (RUE DES)";"49,6328410000";" -1,6228800000"
"202100000487";"16";"10";"2021";"15:45";"1";"50";"50502";"2";"1";"1";"6";"STRASBOURG (bld)";"49,0997710000";" -1,0816800000"
"202100000488";"14";"10";"2021";"16:45";"1";"50";"50002";"2";"1";"7";"3";"COUTANCES (route de)";"49,1120500000";" -1,1286500000"
"202100000489";"9";"10";"2021";"15:45";"1";"50";"50502";"2";"6";"1";"6";"PAUL NELSON (rond point)";"49,1031710000";" -1,1133600000"
"202100000490";"30";"10";"2021";"08:50";"1";"30";"30028";"2";"1";"3";"6";"NIMES (ROUTE DE)";"44,1534100000";"4,6175000000"
"202100000491";"29";"10";"2021";"17:45";"1";"76";"76351";"2";"1";"1";"4";"VERDUN (RUE DE)";"49,5017868881";"0,1546383607"
"202100000492";"27";"10";"2021";"16:20";"1";"76";"76351";"2";"1";"1";"2";"SEIZIEME PORT (AVENUE DU)";"49,4821030652";"0,1601892332"
"202100000493";"19";"10";"2021";"13:30";"1";"76";"76351";"2";"1";"1";"2";"STRASBOURG (BD)";"49,4927600000";"0,1201600000"
"202100000494";"17";"10";"2021";"21:25";"4";"76";"76351";"2";"2";"1";"3";"VERDUN (RUE DE)";"49,5013935778";"0,1500253379"
"202100000495";"16";"10";"2021";"19:30";"5";"76";"76351";"2";"1";"1";"1";"LAFAYETTE ( COURS)";"49,4917610000";"0,1252000000"
"202100000496";"7";"06";"2021";"16:00";"1";"59";"59606";"2";"8";"1";"6";"THOLOZE (RUE)";"50,3610386221";"3,5202062130"
"202100000497";"31";"10";"2021";"16:15";"1";"95";"95268";"2";"3";"1";"3";"RUE DE LA PAIX";"48,9746060000";"2,3880100000"
"202100000498";"13";"11";"2021";"15:00";"1";"91";"91201";"2";"9";"8";"3";"RUE PIERRE BROSSOLETTE";"48,6762500000";"2,4116900000"
"202100000499";"30";"10";"2021";"00:50";"5";"78";"78586";"2";"3";"2";"3";"JOUHAUX (LEON)";"48,9476000000";"2,1881400000"
"202100000500";"3";"10";"2021";"00:05";"5";"78";"78358";"2";"1";"3";"6";"SAINT GERMAIN (AVENUE DE)";"48,9403200000";"2,1384090000"
"202100000501";"16";"10";"2021";"17:05";"1";"78";"78124";"2";"9";"1";"6";"GENERAL LECLERC (RUE DU)";"48,9071900000";"2,1751900000"
"202100000502";"28";"10";"2021";"15:40";"1";"78";"78440";"2";"3";"1";"6";"PAUL RAOULT (AVENUE)";"48,9948290000";"1,9135850000"
"202100000503";"28";"10";"2021";"09:00";"1";"78";"78642";"2";"3";"1";"6";"AULNAY MALLO RUE DE L'";"48,9878410000";"1,9689660000"
"202100000504";"13";"11";"2021";"20:00";"5";"73";"73065";"2";"6";"1";"4";"BELLEVUE (BOULEVARD DE)";"45,5590414666";"5,9222423745"
"202100000505";"31";"10";"2021";"22:30";"5";"67";"67482";"2";"3";"2";"2";"SOLEURE (RUE DE)";"48,5774900000";"7,7547800000"
"202100000506";"9";"11";"2021";"21:20";"5";"64";"64102";"2";"6";"1";"3";"DUVERGIER DE HAURANNE (AVENUE)";"43,4873300000";" -1,4672600000"
"202100000507";"9";"11";"2021";"08:55";"1";"63";"63300";"1";"1";"1";"4";"RD 2009";"45,9122000000";"3,1304000000"
"202100000508";"8";"11";"2021";"08:55";"1";"42";"42218";"2";"1";"1";"2";"Les Allees Jean Guitton";"45,4614300000";"4,3796500000"
"202100000509";"13";"11";"2021";"17:00";"1";"37";"37122";"2";"6";"2";"3";"CHANTEPIE (RUE DE)";"47,3503784806";"0,6562600230"
"202100000510";"25";"06";"2021";"07:40";"1";"13";"13211";"2";"1";"1";"3";"VALBARELLE (BOULEVARD DE LA )";"43,2876519986";"5,4485658368"
"202100000511";"24";"06";"2021";"05:00";"5";"13";"13208";"2";"6";"1";"1";"MENDES FRANCE (AVENUE)";"43,2546200000";"5,3764400000"
"202100000512";"12";"06";"2021";"12:30";"1";"13";"13210";"2";"1";"1";"4";"ROMAIN ROLLAND (BOULEVARD)";"43,2747747577";"5,4154868564"
"202100000513";"8";"06";"2021";"11:35";"1";"13";"13209";"1";"1";"1";"6";"COL DE LA GINESTE D559";"43,2400472246";"5,4570285739"
"202100000514";"23";"03";"2021";"13:30";"1";"13";"13210";"2";"1";"1";"6";"ROMAIN ROLLAND (BOULEVARD)";"43,2747983435";"5,4155186977"
"202100000515";"13";"03";"2021";"22:51";"5";"13";"13210";"2";"1";"1";"2";"CAPELETTE (AVENUE DE LA)";"43,2803600000";"5,4092400000"
"202100000516";"16";"02";"2021";"19:40";"5";"13";"13210";"2";"1";"1";"7";"FIFI TURIN (RUE)";"43,2804700000";"5,4123400000"
"202100000517";"10";"05";"2021";"08:30";"1";"13";"13063";"2";"2";"1";"3";"QUENOUILLE RUE DE LA";"43,5883268940";"4,9940371513"
"202100000518";"18";"04";"2021";"17:50";"1";"13";"13047";"2";"6";"1";"2";"RAYMOND FILIPPI AVENUE";"43,5057400000";"4,9845900000"
"202100000519";"31";"12";"2021";"19:00";"5";"971";"97113";"2";"1";"1";"6";"SECTION MARE-GAILLARD";"16,2151200000";" -61,4383300000"
"202100000520";"31";"12";"2021";"16:43";"1";"87";"87085";"2";"1";"1";"7";"FRACHON ( ave Benoit)";"45,8561400000";"1,2918400000"
"202100000521";"29";"12";"2021";"18:50";"5";"80";"80021";"2";"4";"2";"3";"CARNOT (BOULEVARD)";"49,8933800000";"2,2862000000"
"202100000522";"31";"12";"2021";"21:20";"5";"69";"69264";"2";"9";"5";"2";"SABLES (DES) (CHM)";"45,9817200000";"4,7313200000"
"202100000523";"29";"12";"2021";"09:35";"1";"56";"56185";"1";"1";"8";"6";"N165 bretelle échangeur";"47,7712000000";" -3,3777300000"
"202100000524";"31";"12";"2021";"13:59";"1";"56";"56162";"2";"1";"2";"6";"KERLORET (ROUTE DE)";"47,7247800000";" -3,4375800000"
"202100000525";"20";"12";"2021";"08:02";"1";"42";"42207";"2";"3";"1";"6";"Rue Jean-Antoine Vial";"45,4768500000";"4,5087700000"
"202100000526";"26";"12";"2021";"02:11";"5";"13";"13203";"2";"9";"1";"3";"BD FERDINAND DE LESSEPS";"43,3213000000";"5,3731000000"
"202100000527";"13";"11";"2021";"18:10";"5";"01";"01053";"2";"3";"2";"1";"SEMARD (AVENUE PIERRE)";"46,2001408249";"5,2154568583"
"202100000528";"12";"09";"2021";"00:15";"3";"75";"75118";"2";"3";"1";"6";"BOULEVARD NEY";"48,8977370000";"2,3345880000"
"202100000529";"26";"01";"2021";"16:30";"1";"75";"75117";"2";"1";"1";"6";"BOULEVARD BESSIERES";"48,8975720000";"2,3270110000"
"202100000530";"12";"01";"2021";"08:55";"1";"93";"93001";"2";"2";"1";"6";"VICTOR HUGO (AVE)  => N° 129";"48,9062500000";"2,3753900000"
"202100000531";"25";"02";"2021";"18:30";"2";"73";"73065";"2";"1";"1";"6";"Avenue Jean Jaurès";"45,5670540000";"5,9147720000"
"202100000532";"12";"11";"2021";"15:00";"1";"69";"69382";"2";"3";"1";"3";"BAYARD (CR)";"45,7437700000";"4,8216300000"
"202100000533";"10";"11";"2021";"09:00";"1";"69";"69381";"2";"1";"1";"6";"PECHERIE (DE LA) (Q)";"45,7659000000";"4,8308700000"
"202100000534";"10";"11";"2021";"20:29";"5";"91";"91691";"2";"1";"5";"6";"RAYMOND POINCARE(RUE)";"48,7147600000";"2,5012600000"
"202100000535";"24";"09";"2021";"17:34";"1";"86";"86066";"2";"1";"1";"6";"FAURE (BOULEVARD FELIX)";"46,8210170791";"0,5462481107"
"202100000536";"10";"11";"2021";"15:40";"1";"76";"76351";"2";"2";"1";"6";"VOLTAIRE";"49,4899000000";"0,1041000000"
"202100000537";"11";"11";"2021";"17:55";"2";"72";"72181";"1";"1";"1";"2";"TOURS (RTE) LIGNE DROITE DES HUNAUDIERES";"47,9599800000";"0,2251500000"
"202100000538";"12";"11";"2021";"18:05";"5";"38";"38421";"2";"1";"5";"6";"AVENUE AMBROISE CROIZAT";"45,1851300000";"5,7495000000"
"202100000539";"9";"11";"2021";"16:45";"1";"35";"35278";"2";"6";"1";"6";"ALPHASIS (AVENUE D')";"48,1534000000";" -1,6965200000"
"202100000540";"9";"11";"2021";"17:34";"2";"35";"35238";"2";"3";"1";"6";"GRAFF (AVENUE GEORGES)";"48,0855900000";" -1,6918700000"
"202100000541";"12";"11";"2021";"18:10";"4";"31";"31555";"1";"1";"1";"4";"VA007331 A620";"43,5743700000";"1,4693000000"
"202100000542";"9";"11";"2021";"09:20";"1";"31";"31555";"2";"9";"1";"7";"18 MONTAUDRAN (PERIPH EST A61)";"43,5726300000";"1,4955800000"
"202100000543";"9";"11";"2021";"23:55";"5";"13";"13205";"2";"1";"1";"3";"JEAN MOULIN (BOULEVARD)";"43,2903000000";"5,3998300000"
"202100000544";"9";"11";"2021";"08:00";"1";"13";"13202";"2";"1";"1";"3";"MAJOR (PLACE DE LA)";"43,2988976874";"5,3650574559"
"202100000545";"16";"12";"2021";"16:45";"2";"74";"74083";"1";"1";"5";"5";"D909";"45,8907850000";"6,6541740000"
"202100000546";"31";"12";"2021";"15:30";"1";"12";"12270";"1";"1";"1";"2";"D995 Huguies";"44,3141610000";"3,1198380000"
"202100000547";"30";"12";"2021";"08:10";"2";"44";"44041";"1";"1";"1";"6";"Rue de l Enclose";"47,1003260000";" -1,6004900000"
"202100000548";"16";"12";"2021";"12:40";"1";"73";"73212";"2";"1";"9";"4";"D1006";"45,5433702918";"6,3019246459"
"202100000549";"28";"12";"2021";"18:34";"3";"13";"13211";"1";"1";"1";"3";"A50-Sens Marseille vers Aubagne";"43,2862240000";"5,4298400000"
"202100000550";"1";"04";"2021";"07:45";"2";"57";"57289";"2";"9";"1";"7";"Rue de la solitude";"49,0549269000";"7,0353568000"
"202100000551";"20";"07";"2021";"22:35";"5";"73";"73008";"2";"3";"1";"1";"BARRIER ROBERT BOULEVARD";"45,6992400000";"5,8864100000"
"202100000552";"13";"06";"2021";"17:33";"1";"73";"73008";"2";"2";"7";"3";"D1201 Av Franklin Roosevelt";"45,7059400000";"5,9106600000"
"202100000553";"25";"09";"2021";"16:30";"1";"2A";"2A004";"2";"1";"1";"2";"SAMPIERO BD";"41,9264710000";"8,7388400000"
"202100000554";"4";"09";"2021";"02:00";"5";"2A";"2A004";"2";"1";"1";"7";"GRANDE ARMEE AVENUE";"41,9276900000";"8,7334200000"
"202100000555";"8";"11";"2021";"13:36";"1";"10";"10387";"2";"2";"1";"3";"QUATORZE JUILLET (RUE DU)";"48,2943000000";"4,0783000000"
"202100000556";"9";"11";"2021";"17:40";"2";"972";"97209";"2";"1";"1";"6";"GABRIEL PERI (RUE)";"14,6081600000";" -61,0703200000"
"202100000557";"10";"11";"2021";"14:55";"1";"91";"91223";"2";"9";"1";"6";"R.D.20";"48,4351500000";"2,1680400000"
"202100000558";"9";"11";"2021";"08:00";"2";"91";"91223";"2";"3";"5";"1";"REPUBLIQUE (RUE DE LA)";"48,4307580000";"2,1716710000"
"202100000559";"9";"11";"2021";"12:40";"1";"65";"65440";"1";"6";"1";"3";"PAU (ROND POINT DE)";"43,2377220000";"0,0418490000"
"202100000560";"8";"11";"2021";"10:18";"1";"65";"65440";"2";"2";"1";"3";"LAFORGUE (AVENUE JULES)";"43,2241690000";"0,0683700000"
"202100000561";"8";"11";"2021";"19:48";"5";"56";"56121";"2";"3";"8";"3";"JENNER (RUE EDWARD)";"47,7514100000";" -3,3708400000"
"202100000562";"8";"11";"2021";"18:10";"2";"56";"56121";"2";"1";"8";"6";"FOCH (RUE  MARECHAL )";"47,7506700000";" -3,3603400000"
"202100000563";"11";"11";"2021";"18:22";"5";"49";"49007";"2";"1";"1";"6";"SAINT LEONARD";"47,4633100000";" -0,5371500000"
"202100000564";"10";"11";"2021";"16:15";"1";"49";"49246";"2";"6";"1";"3";"PERDRIAU";"47,4394000000";" -0,4860000000"
"202100000565";"11";"11";"2021";"04:45";"5";"37";"37122";"2";"6";"1";"6";"CHINON (BOULEVARD DE)";"47,3518984904";"0,6864476698"
"202100000566";"9";"11";"2021";"08:52";"1";"37";"37261";"2";"2";"1";"3";"CALAIS (RUE DE)";"47,4214475882";"0,6860545000"
"202100000567";"9";"11";"2021";"08:03";"1";"37";"37261";"2";"1";"1";"6";"HEURTELOUP (BOULEVARD)";"47,3915175836";"0,6972502655"
"202100000568";"10";"10";"2021";"05:50";"5";"19";"19272";"2";"1";"1";"7";"Victor Hugo (Rue)";"45,2626741212";"1,7616232917"
"202100000569";"9";"11";"2021";"14:00";"1";"13";"13209";"2";"9";"1";"4";"MICHELET (BOULEVARD)";"43,2644400000";"5,3962600000"
"202100000570";"11";"11";"2021";"19:05";"2";"13";"13210";"2";"2";"1";"3";"ANDRE BARDON (rue)";"43,2816000000";"5,4270300000"
"202100000571";"9";"11";"2021";"12:00";"1";"13";"13208";"2";"1";"1";"1";"(RUE) NEGRESKO";"43,2695850021";"5,3900392298"
"202100000572";"8";"11";"2021";"17:20";"5";"13";"13208";"2";"6";"1";"1";"PRADO (AVENUE DU)";"43,2721000000";"5,3898000000"
"202100000573";"9";"11";"2021";"01:00";"5";"13";"13075";"2";"1";"1";"5";"L'ENJOLRAS (AVE DE)";"43,3395000000";"5,4546000000"
"202100000574";"2";"11";"2021";"13:50";"1";"11";"11262";"2";"1";"1";"2";"LECLERC (AVENUE DU GENERAL)";"43,1803582058";"2,9965398367"
"202100000575";"8";"11";"2021";"20:35";"5";"10";"10387";"2";"6";"5";"6";"VOULDY (CHAUSSEE DU)";"48,2897100000";"4,0909300000"
"202100000576";"8";"11";"2021";"16:51";"1";"10";"10081";"1";"9";"1";"6";"ROCADE EST (RD 610)";"48,3074157600";"4,0222570500"
"202100000577";"8";"11";"2021";"13:55";"1";"10";"10387";"2";"3";"1";"3";"JEAN NESMY (RUE)";"48,2922000000";"4,0861700000"
"202100000578";"22";"12";"2021";"12:30";"1";"84";"84007";"2";"1";"1";"5";"MONTFAVET (Route)";"43,9418500000";"4,8231700000"
"202100000579";"29";"12";"2021";"16:30";"2";"62";"62186";"2";"2";"3";"3";"VOLTAIRE (R )";"50,4496430000";"2,7255880000"
"202100000580";"14";"12";"2021";"08:41";"1";"11";"11262";"2";"3";"1";"3";"MOSAIQUE ((RUE DE LA)";"43,1832645566";"3,0092561245"
"202100000581";"23";"12";"2021";"19:15";"5";"94";"94017";"2";"3";"8";"3";"Avenue Roger Salengro";"48,8193580000";"2,4873960000"
"202100000582";"8";"12";"2021";"16:30";"1";"26";"26324";"1";"1";"1";"5";"Autoroute du Soleil";"44,3508590000";"4,7378540000"
"202100000583";"13";"11";"2021";"01:00";"3";"974";"97416";"1";"1";"1";"6";"RN03";" -21,3018500000";"55,5019800000"
"202100000584";"30";"12";"2021";"21:10";"5";"59";"59350";"2";"1";"2";"2";"VAUBAN BOULEVARD N°2-18-1-39";"50,6360000000";"3,0505500000"
"202100000585";"24";"12";"2021";"17:30";"5";"44";"44129";"2";"1";"2";"1";"Route Abbaye";"47,4254670000";" -2,0628650000"
"202100000586";"4";"12";"2021";"09:35";"1";"78";"78466";"1";"6";"1";"3";"Route de Quarante Sous.";"48,9239440000";"1,9954720000"
"202100000587";"2";"12";"2021";"13:40";"1";"67";"67205";"2";"3";"1";"1";"5 Rue de la Republique";"48,7002250000";"7,7886820000"
"202100000588";"17";"12";"2021";"16:25";"2";"92";"92004";"2";"1";"1";"2";"AULAGNIER ( QUAI )";"48,9174931119";"2,3199686408"
"202100000589";"31";"12";"2021";"06:20";"3";"77";"77116";"1";"1";"2";"1";"D934";"48,7889900000";"3,2058030000"
"202100000590";"24";"12";"2021";"14:25";"1";"51";"51535";"2";"1";"1";"7";"Rue Notre Dame";"48,7215640000";"3,7231690000"
"202100000591";"27";"11";"2021";"15:30";"1";"37";"37050";"2";"1";"3";"6";"Rue Philippe Maupas";"47,3371336042";"0,6988017839"
"202100000592";"8";"11";"2021";"07:40";"2";"59";"59350";"2";"7";"1";"6";"NATIONALE RUE N°RESTE IMPAIRS";"50,6371500000";"3,0628500000"
"202100000593";"8";"11";"2021";"15:27";"1";"54";"54395";"2";"2";"1";"3";"REPUBLIQUE (RUE DE LA)";"48,6822242291";"6,1779042612"
"202100000594";"8";"11";"2021";"11:25";"1";"37";"37261";"2";"1";"1";"7";"GRAMMONT (AVENUE DE)";"47,3785431072";"0,6936589639"
"202100000595";"8";"11";"2021";"08:50";"1";"37";"37261";"2";"1";"1";"3";"CALAIS (RUE DE)";"47,4222775715";"0,6858560491"
"202100000596";"8";"11";"2021";"08:10";"1";"37";"37261";"2";"6";"1";"3";"DASSAULT (AVENUE MARCEL)";"47,3642783355";"0,6841254797"
"202100000597";"22";"11";"2021";"18:20";"5";"89";"89387";"2";"1";"1";"6";"GENERAL LECLERC (RUE DU)";"48,2038000000";"3,2791100000"
"202100000598";"3";"12";"2021";"06:47";"5";"49";"49099";"2";"6";"2";"3";"FAIDHERBE (BOULEVARD DU GENERAL)";"47,0653600000";" -0,8705200000"
"202100000599";"30";"12";"2021";"16:45";"1";"30";"30028";"2";"9";"1";"6";"PERRIERES (DESCENTE DES)";"44,1610038898";"4,6188342422"
"202100000600";"2";"12";"2021";"18:50";"1";"92";"92036";"2";"1";"1";"7";"BAS ( RUE DES )";"48,9187833189";"2,2907620668"
"202100000601";"31";"12";"2021";"18:35";"5";"974";"97414";"2";"1";"1";"2";"Rue Saint Louis";" -21,2882730000";"55,4121930000"
"202100000602";"30";"12";"2021";"17:45";"1";"988";"98831";"1";"1";"3";"7";"Tiéta (Tribu)";" -20,9190940000";"164,7736140000"
"202100000603";"22";"08";"2021";"08:10";"2";"92";"92023";"2";"1";"1";"6";"GENERAL DE GAULLE (AV DU) N°440 A 544 ET";"48,7785500000";"2,2345300000"
"202100000604";"31";"12";"2021";"18:00";"5";"987";"98736";"2";"1";"1";"6";"CHARLES DE GAULLE (AV)";" -17,5254400000";" -149,5413300000"
"202100000605";"29";"12";"2021";"08:15";"1";"63";"63113";"2";"4";"1";"1";"POMPIDOU (BD GEORGES)";"45,8075500000";"3,1317800000"
"202100000606";"24";"12";"2021";"17:50";"2";"63";"63113";"2";"2";"1";"3";"MOULIN (BD JEAN)/ parlette";"45,7769200000";"3,1177100000"
"202100000607";"12";"11";"2021";"17:45";"2";"44";"44109";"2";"1";"1";"6";"BOULEVARD ALEXANDRE MILLERAND";"47,2070400000";" -1,5292400000"
